,chapter,response,prompt
1,Chapter 5 - A Simple Model,The mean/ prediction of the data.,"Based on what you have learned about notation so far, what do you think the&nbsp;\(b_0\)&nbsp;might represent in the equation above?"
2,Chapter 5 - A Simple Model,the mean value,"Based on what you have learned about notation so far, what do you think the&nbsp;\(b_0\)&nbsp;might represent in the equation above?"
3,Chapter 5 - A Simple Model,The slope,"Based on what you have learned about notation so far, what do you think the&nbsp;\(b_0\)&nbsp;might represent in the equation above?"
4,Chapter 5 - A Simple Model,the empty model,"Based on what you have learned about notation so far, what do you think the&nbsp;\(b_0\)&nbsp;might represent in the equation above?"
5,Chapter 5 - A Simple Model,initial data point,"Based on what you have learned about notation so far, what do you think the&nbsp;\(b_0\)&nbsp;might represent in the equation above?"
6,Chapter 5 - A Simple Model,The mean,"Based on what you have learned about notation so far, what do you think the&nbsp;\(b_0\)&nbsp;might represent in the equation above?"
7,Chapter 5 - A Simple Model,the mean,"Based on what you have learned about notation so far, what do you think the&nbsp;\(b_0\)&nbsp;might represent in the equation above?"
8,Chapter 5 - A Simple Model,residual,"Based on what you have learned about notation so far, what do you think the&nbsp;\(b_0\)&nbsp;might represent in the equation above?"
9,Chapter 5 - A Simple Model,"b0 is the prediction for the specific data point, not necessarily the mean","Based on what you have learned about notation so far, what do you think the&nbsp;\(b_0\)&nbsp;might represent in the equation above?"
10,Chapter 5 - A Simple Model,Bo should represent the mean,"Based on what you have learned about notation so far, what do you think the&nbsp;\(b_0\)&nbsp;might represent in the equation above?"
11,Chapter 5 - A Simple Model,Maybe the mean,"Based on what you have learned about notation so far, what do you think the&nbsp;\(b_0\)&nbsp;might represent in the equation above?"
12,Chapter 5 - A Simple Model,I would imagine that it represents the average.,"Based on what you have learned about notation so far, what do you think the&nbsp;\(b_0\)&nbsp;might represent in the equation above?"
13,Chapter 5 - A Simple Model,b0 could be another expression for the empty model or the mean.,"Based on what you have learned about notation so far, what do you think the&nbsp;\(b_0\)&nbsp;might represent in the equation above?"
14,Chapter 5 - A Simple Model,the explanation variable,"Based on what you have learned about notation so far, what do you think the&nbsp;\(b_0\)&nbsp;might represent in the equation above?"
15,Chapter 5 - A Simple Model,b0 means the empty model.,"Based on what you have learned about notation so far, what do you think the&nbsp;\(b_0\)&nbsp;might represent in the equation above?"
16,Chapter 5 - A Simple Model,the mean of all values,"Based on what you have learned about notation so far, what do you think the&nbsp;\(b_0\)&nbsp;might represent in the equation above?"
17,Chapter 5 - A Simple Model,I think that it means the error,"Based on what you have learned about notation so far, what do you think the&nbsp;\(b_0\)&nbsp;might represent in the equation above?"
18,Chapter 5 - A Simple Model,the y intercpt,"Based on what you have learned about notation so far, what do you think the&nbsp;\(b_0\)&nbsp;might represent in the equation above?"
19,Chapter 6 - Quantifying Error,I would have to know how the game is scored and what other players have scored when they play,"Say you have a video game called Kargle. A friend of yours says that their high score is 37,000 points. Is that a good score? How do you know?&nbsp; What else would you want to know to answer this question?"
20,Chapter 6 - Quantifying Error,Whats the maximum amount of points you can score? What do people normally score?,"Say you have a video game called Kargle. A friend of yours says that their high score is 37,000 points. Is that a good score? How do you know?&nbsp; What else would you want to know to answer this question?"
21,Chapter 6 - Quantifying Error,"We would need to know what other scores there are, aka the spread of the data","Say you have a video game called Kargle. A friend of yours says that their high score is 37,000 points. Is that a good score? How do you know?&nbsp; What else would you want to know to answer this question?"
22,Chapter 6 - Quantifying Error,"I wouldn't know, I would need to see other peoples scores and averages to know what is a good score is.","Say you have a video game called Kargle. A friend of yours says that their high score is 37,000 points. Is that a good score? How do you know?&nbsp; What else would you want to know to answer this question?"
23,Chapter 6 - Quantifying Error,"Who knows, I have no baseline or other scores to compare it to. Maybe it's a good score, maybe not. I'd need the rules, point structure, and most importantly an assortment of other sampled scores.","Say you have a video game called Kargle. A friend of yours says that their high score is 37,000 points. Is that a good score? How do you know?&nbsp; What else would you want to know to answer this question?"
24,Chapter 6 - Quantifying Error,What is a typical score? What are other examples of high scores? What would a low score be?,"Say you have a video game called Kargle. A friend of yours says that their high score is 37,000 points. Is that a good score? How do you know?&nbsp; What else would you want to know to answer this question?"
25,Chapter 6 - Quantifying Error,I would want to know the average score and maximum score you can earn in the game.,"Say you have a video game called Kargle. A friend of yours says that their high score is 37,000 points. Is that a good score? How do you know?&nbsp; What else would you want to know to answer this question?"
26,Chapter 6 - Quantifying Error,"What was their average scores, lowest score and median or how it compares to other friends’ scores. What is the error from the mean?","Say you have a video game called Kargle. A friend of yours says that their high score is 37,000 points. Is that a good score? How do you know?&nbsp; What else would you want to know to answer this question?"
27,Chapter 6 - Quantifying Error,what do other peopple get,"Say you have a video game called Kargle. A friend of yours says that their high score is 37,000 points. Is that a good score? How do you know?&nbsp; What else would you want to know to answer this question?"
28,Chapter 6 - Quantifying Error,You would want to know other high scores to compare it to.,"Say you have a video game called Kargle. A friend of yours says that their high score is 37,000 points. Is that a good score? How do you know?&nbsp; What else would you want to know to answer this question?"
29,Chapter 6 - Quantifying Error,gg,"Say you have a video game called Kargle. A friend of yours says that their high score is 37,000 points. Is that a good score? How do you know?&nbsp; What else would you want to know to answer this question?"
30,Chapter 6 - Quantifying Error,I would want to know the average scores of usual players,"Say you have a video game called Kargle. A friend of yours says that their high score is 37,000 points. Is that a good score? How do you know?&nbsp; What else would you want to know to answer this question?"
31,Chapter 6 - Quantifying Error,I would want to know what the average persons score is and what the standard deviation from that score to know if I did good or not.,"Say you have a video game called Kargle. A friend of yours says that their high score is 37,000 points. Is that a good score? How do you know?&nbsp; What else would you want to know to answer this question?"
32,Chapter 6 - Quantifying Error,I would like to know the mean and std dev of scores,"Say you have a video game called Kargle. A friend of yours says that their high score is 37,000 points. Is that a good score? How do you know?&nbsp; What else would you want to know to answer this question?"
33,Chapter 6 - Quantifying Error,You would want to know the average high score and the standard deviation from that average high score.,"Say you have a video game called Kargle. A friend of yours says that their high score is 37,000 points. Is that a good score? How do you know?&nbsp; What else would you want to know to answer this question?"
34,Chapter 6 - Quantifying Error,You would want to know the average high score and the standard deviation from that average high score.,"Say you have a video game called Kargle. A friend of yours says that their high score is 37,000 points. Is that a good score? How do you know?&nbsp; What else would you want to know to answer this question?"
35,Chapter 6 - Quantifying Error,I would want to know what the max score you can earn is and what the average score is for most players.,"Say you have a video game called Kargle. A friend of yours says that their high score is 37,000 points. Is that a good score? How do you know?&nbsp; What else would you want to know to answer this question?"
36,Chapter 6 - Quantifying Error,"We dont know. We would want to know average scores, and high score
","Say you have a video game called Kargle. A friend of yours says that their high score is 37,000 points. Is that a good score? How do you know?&nbsp; What else would you want to know to answer this question?"
37,Chapter 6 - Quantifying Error,We can only see how far this value is from the mean and have no interpretation of how this deviation is compared with the rest of the data set.,"What is similar about 37,000 points in the Kargle situation and 65.1 mm in the <code>Thumb</code> situation?"
38,Chapter 6 - Quantifying Error,They are both above the mean value in terms of deviation,"What is similar about 37,000 points in the Kargle situation and 65.1 mm in the <code>Thumb</code> situation?"
39,Chapter 6 - Quantifying Error,It tells us that their score is higher than the average.,"What is similar about 37,000 points in the Kargle situation and 65.1 mm in the <code>Thumb</code> situation?"
40,Chapter 6 - Quantifying Error,"They are bioth above average, yet we dont know the other data to make any more analysis","What is similar about 37,000 points in the Kargle situation and 65.1 mm in the <code>Thumb</code> situation?"
41,Chapter 6 - Quantifying Error,"we know they are both above the mean but not sure how if this distance from the mean is considered far by others 
","What is similar about 37,000 points in the Kargle situation and 65.1 mm in the <code>Thumb</code> situation?"
42,Chapter 6 - Quantifying Error,We know that both are above average in their respective situations.,"What is similar about 37,000 points in the Kargle situation and 65.1 mm in the <code>Thumb</code> situation?"
43,Chapter 6 - Quantifying Error,Both are higher than the mean,"What is similar about 37,000 points in the Kargle situation and 65.1 mm in the <code>Thumb</code> situation?"
44,Chapter 6 - Quantifying Error,"We do not know how the rest of the data is distributed so we only know it in relation to the average, not to the data set, so we cannot really tell if it is a good score.","What is similar about 37,000 points in the Kargle situation and 65.1 mm in the <code>Thumb</code> situation?"
45,Chapter 6 - Quantifying Error,"We know that the score is above average, but we don't know how it compares to other individual samples.","What is similar about 37,000 points in the Kargle situation and 65.1 mm in the <code>Thumb</code> situation?"
46,Chapter 6 - Quantifying Error,we dont know what the other data points are and cant make a prediction,"What is similar about 37,000 points in the Kargle situation and 65.1 mm in the <code>Thumb</code> situation?"
47,Chapter 6 - Quantifying Error,they are both above the average we were given but we dont know if that is unusual,"What is similar about 37,000 points in the Kargle situation and 65.1 mm in the <code>Thumb</code> situation?"
48,Chapter 6 - Quantifying Error,"This tells us nothing about distribution. The scores could range from 33,000-37,000, or the scores could range from 0-100,000, just as we're not sure how the 65.1 mm thumb length relates to the whole population.","What is similar about 37,000 points in the Kargle situation and 65.1 mm in the <code>Thumb</code> situation?"
49,Chapter 6 - Quantifying Error,"We know that it's above average, but we don't really know by how much specifically. Also, since we don't have a maximum, this could still be a very low score in the game.","What is similar about 37,000 points in the Kargle situation and 65.1 mm in the <code>Thumb</code> situation?"
50,Chapter 6 - Quantifying Error,"They are both a small percent larger than the average value, but the other high scores are not known.","What is similar about 37,000 points in the Kargle situation and 65.1 mm in the <code>Thumb</code> situation?"
51,Chapter 6 - Quantifying Error,d,"What is similar about 37,000 points in the Kargle situation and 65.1 mm in the <code>Thumb</code> situation?"
52,Chapter 6 - Quantifying Error,"It is a single data point, but it isn't in the context of the whole distribution.","What is similar about 37,000 points in the Kargle situation and 65.1 mm in the <code>Thumb</code> situation?"
53,Chapter 6 - Quantifying Error,We don't have enough data to fully understand what the number means- it's just a number,"What is similar about 37,000 points in the Kargle situation and 65.1 mm in the <code>Thumb</code> situation?"
54,Chapter 6 - Quantifying Error,"We know that our friends average is above average in comparison to other players, which was true for the thumb situation","What is similar about 37,000 points in the Kargle situation and 65.1 mm in the <code>Thumb</code> situation?"
55,Chapter 6 - Quantifying Error,0.4,"Now compare the two z<em>&nbsp;</em>scores (2 vs. 0.4). Which is more impressive, a player with a&nbsp;z&nbsp;score of 2 or one with a&nbsp;z&nbsp;score of 0.4? Why?"
56,Chapter 6 - Quantifying Error,a player with a score of 2 is more impressive cause it's greater than 0.4,"Now compare the two z<em>&nbsp;</em>scores (2 vs. 0.4). Which is more impressive, a player with a&nbsp;z&nbsp;score of 2 or one with a&nbsp;z&nbsp;score of 0.4? Why?"
57,Chapter 6 - Quantifying Error,2 is more impressive because it is two standard deviations above the mean while 0.4 is only 0.4 standard deviations away from the mean.,"Now compare the two z<em>&nbsp;</em>scores (2 vs. 0.4). Which is more impressive, a player with a&nbsp;z&nbsp;score of 2 or one with a&nbsp;z&nbsp;score of 0.4? Why?"
58,Chapter 6 - Quantifying Error,"A z score with a higher number, in this case 2, would be more impressive because it is further above the mean","Now compare the two z<em>&nbsp;</em>scores (2 vs. 0.4). Which is more impressive, a player with a&nbsp;z&nbsp;score of 2 or one with a&nbsp;z&nbsp;score of 0.4? Why?"
59,Chapter 6 - Quantifying Error,Scoring 2 z-scores over the mean would be more impressive than only 0.4 z-scores.,"Now compare the two z<em>&nbsp;</em>scores (2 vs. 0.4). Which is more impressive, a player with a&nbsp;z&nbsp;score of 2 or one with a&nbsp;z&nbsp;score of 0.4? Why?"
60,Chapter 6 - Quantifying Error,a z score of two because that is further from the mean,"Now compare the two z<em>&nbsp;</em>scores (2 vs. 0.4). Which is more impressive, a player with a&nbsp;z&nbsp;score of 2 or one with a&nbsp;z&nbsp;score of 0.4? Why?"
61,Chapter 6 - Quantifying Error,2 - it's more standard deviations above the mean,"Now compare the two z<em>&nbsp;</em>scores (2 vs. 0.4). Which is more impressive, a player with a&nbsp;z&nbsp;score of 2 or one with a&nbsp;z&nbsp;score of 0.4? Why?"
62,Chapter 6 - Quantifying Error,"z score of 2, as it is 2 deviations greater than the mean, while 0.4 is not even one deviation above","Now compare the two z<em>&nbsp;</em>scores (2 vs. 0.4). Which is more impressive, a player with a&nbsp;z&nbsp;score of 2 or one with a&nbsp;z&nbsp;score of 0.4? Why?"
63,Chapter 6 - Quantifying Error,2 because they played more above the mean,"Now compare the two z<em>&nbsp;</em>scores (2 vs. 0.4). Which is more impressive, a player with a&nbsp;z&nbsp;score of 2 or one with a&nbsp;z&nbsp;score of 0.4? Why?"
64,Chapter 6 - Quantifying Error,the 2,"Now compare the two z<em>&nbsp;</em>scores (2 vs. 0.4). Which is more impressive, a player with a&nbsp;z&nbsp;score of 2 or one with a&nbsp;z&nbsp;score of 0.4? Why?"
65,Chapter 6 - Quantifying Error,2 because it shigher,"Now compare the two z<em>&nbsp;</em>scores (2 vs. 0.4). Which is more impressive, a player with a&nbsp;z&nbsp;score of 2 or one with a&nbsp;z&nbsp;score of 0.4? Why?"
66,Chapter 6 - Quantifying Error,The standard deviation of 2 is more impressive because it is much higher from the mean. 0.4 is less impressive because it is a smaller jump from the mean and you could win by a point v.s something like 500 points theoretically.,"Now compare the two z<em>&nbsp;</em>scores (2 vs. 0.4). Which is more impressive, a player with a&nbsp;z&nbsp;score of 2 or one with a&nbsp;z&nbsp;score of 0.4? Why?"
67,Chapter 6 - Quantifying Error,"2, they are two SDs above average compared to the 0.4.","Now compare the two z<em>&nbsp;</em>scores (2 vs. 0.4). Which is more impressive, a player with a&nbsp;z&nbsp;score of 2 or one with a&nbsp;z&nbsp;score of 0.4? Why?"
68,Chapter 6 - Quantifying Error,2 is more impressive because it is more positively deviated from the mean,"Now compare the two z<em>&nbsp;</em>scores (2 vs. 0.4). Which is more impressive, a player with a&nbsp;z&nbsp;score of 2 or one with a&nbsp;z&nbsp;score of 0.4? Why?"
69,Chapter 6 - Quantifying Error,2 because it means there score was farther above the mean than the other.,"Now compare the two z<em>&nbsp;</em>scores (2 vs. 0.4). Which is more impressive, a player with a&nbsp;z&nbsp;score of 2 or one with a&nbsp;z&nbsp;score of 0.4? Why?"
70,Chapter 6 - Quantifying Error,"The player with a z score of 2, as they are statistically farther away from the average, meaning very few players have achieved that score overall.","Now compare the two z<em>&nbsp;</em>scores (2 vs. 0.4). Which is more impressive, a player with a&nbsp;z&nbsp;score of 2 or one with a&nbsp;z&nbsp;score of 0.4? Why?"
71,Chapter 6 - Quantifying Error,Z score of 2 (two deviations above the mean). This means there is more difference between their score and then mean,"Now compare the two z<em>&nbsp;</em>scores (2 vs. 0.4). Which is more impressive, a player with a&nbsp;z&nbsp;score of 2 or one with a&nbsp;z&nbsp;score of 0.4? Why?"
72,Chapter 6 - Quantifying Error,a z score of 2 because it shows he is much higher than the mean,"Now compare the two z<em>&nbsp;</em>scores (2 vs. 0.4). Which is more impressive, a player with a&nbsp;z&nbsp;score of 2 or one with a&nbsp;z&nbsp;score of 0.4? Why?"
73,Chapter 7 - Adding an Explanatory Variable to the Model,"Yes, if you add gender predict, and gender resid then you get the data",Take a look at the output above. Is it still true that <strong>DATA = MODEL + ERROR</strong>? Explain how you can tell from the output?
74,Chapter 7 - Adding an Explanatory Variable to the Model,"Yes, as values of Thumb above the prediction have a positive residual, and values below have negative residuals",Take a look at the output above. Is it still true that <strong>DATA = MODEL + ERROR</strong>? Explain how you can tell from the output?
75,Chapter 7 - Adding an Explanatory Variable to the Model,Yes. When you add the prediction and residual together you get the measured thumb length.,Take a look at the output above. Is it still true that <strong>DATA = MODEL + ERROR</strong>? Explain how you can tell from the output?
76,Chapter 7 - Adding an Explanatory Variable to the Model,"Yes because when the model is larger than the data, the residual is negative.",Take a look at the output above. Is it still true that <strong>DATA = MODEL + ERROR</strong>? Explain how you can tell from the output?
77,Chapter 7 - Adding an Explanatory Variable to the Model,It is still true that the data equals the model plus error because Thumb = Gender_predict + Gender_resid,Take a look at the output above. Is it still true that <strong>DATA = MODEL + ERROR</strong>? Explain how you can tell from the output?
78,Chapter 7 - Adding an Explanatory Variable to the Model,"Yes, because the residuals add up with the data to equal the model.",Take a look at the output above. Is it still true that <strong>DATA = MODEL + ERROR</strong>? Explain how you can tell from the output?
79,Chapter 7 - Adding an Explanatory Variable to the Model,Yes it is still true. We can tell by adding Gender_predict with Gender_resid (aka Model+Error) and we get the recorded thumb length.,Take a look at the output above. Is it still true that <strong>DATA = MODEL + ERROR</strong>? Explain how you can tell from the output?
80,Chapter 7 - Adding an Explanatory Variable to the Model,yes because the actual value (thumb length) seen in the table is then equal to the model value which changes based on gender plus the error that is calulated,Take a look at the output above. Is it still true that <strong>DATA = MODEL + ERROR</strong>? Explain how you can tell from the output?
81,Chapter 7 - Adding an Explanatory Variable to the Model,"Yes, for each of these, the model and error add up to the actual data.",Take a look at the output above. Is it still true that <strong>DATA = MODEL + ERROR</strong>? Explain how you can tell from the output?
82,Chapter 7 - Adding an Explanatory Variable to the Model,"No, the preictions and models dont all add up to the samne
",Take a look at the output above. Is it still true that <strong>DATA = MODEL + ERROR</strong>? Explain how you can tell from the output?
83,Chapter 7 - Adding an Explanatory Variable to the Model,"no , residuals dont add to 0",Take a look at the output above. Is it still true that <strong>DATA = MODEL + ERROR</strong>? Explain how you can tell from the output?
84,Chapter 7 - Adding an Explanatory Variable to the Model,"Yes, the data does = model’s mean which is about 61 plus the residual",Take a look at the output above. Is it still true that <strong>DATA = MODEL + ERROR</strong>? Explain how you can tell from the output?
85,Chapter 7 - Adding an Explanatory Variable to the Model,"Yes because the residual added on to the prediction  = thumb
",Take a look at the output above. Is it still true that <strong>DATA = MODEL + ERROR</strong>? Explain how you can tell from the output?
86,Chapter 7 - Adding an Explanatory Variable to the Model,"It is true, as even with the addition sign, the negatives, flip the sign around and lead to the original data point, which you can see on the dataset.",Take a look at the output above. Is it still true that <strong>DATA = MODEL + ERROR</strong>? Explain how you can tell from the output?
87,Chapter 7 - Adding an Explanatory Variable to the Model,"Yes, it still adds up to the data equalling model plus error",Take a look at the output above. Is it still true that <strong>DATA = MODEL + ERROR</strong>? Explain how you can tell from the output?
88,Chapter 7 - Adding an Explanatory Variable to the Model,"Yes, because every data has some error",Take a look at the output above. Is it still true that <strong>DATA = MODEL + ERROR</strong>? Explain how you can tell from the output?
89,Chapter 7 - Adding an Explanatory Variable to the Model,Because the reside plus the gender predict is equal to the actual thumb length.,Take a look at the output above. Is it still true that <strong>DATA = MODEL + ERROR</strong>? Explain how you can tell from the output?
90,Chapter 7 - Adding an Explanatory Variable to the Model,"The equation still holds true because when the residuals are added to the predictions, they total the individuals thumb length.",Take a look at the output above. Is it still true that <strong>DATA = MODEL + ERROR</strong>? Explain how you can tell from the output?
91,Chapter 9 - Models with a Quantitative Explanatory Variable,b1Xi in the second model represents the addition or subtraction the second group must perform to fit the models intercept value and also identifies if the group is 1 or 0 (which group the data point is in). They both still use error and a mean value though.,What is different in the GLM notation for these two models? What is similar?
92,Chapter 9 - Models with a Quantitative Explanatory Variable,They are exactly the same,What is different in the GLM notation for these two models? What is similar?
93,Chapter 9 - Models with a Quantitative Explanatory Variable,This model also accounts for the mean difference between groups,What is different in the GLM notation for these two models? What is similar?
94,Chapter 9 - Models with a Quantitative Explanatory Variable,"Although both equations look the same, in the regression model, both Yi and b are quantitative whereas b is categorical in GLM.",What is different in the GLM notation for these two models? What is similar?
95,Chapter 9 - Models with a Quantitative Explanatory Variable,"X is usually 0 for one group and 1 for the other for the categorical model,  whereas X is the actual numerical value of the variable for that individual for a regression model",What is different in the GLM notation for these two models? What is similar?
96,Chapter 9 - Models with a Quantitative Explanatory Variable,they are the same,What is different in the GLM notation for these two models? What is similar?
97,Chapter 9 - Models with a Quantitative Explanatory Variable,They are the same!,What is different in the GLM notation for these two models? What is similar?
98,Chapter 9 - Models with a Quantitative Explanatory Variable,"There is no difference, they are the same equation",What is different in the GLM notation for these two models? What is similar?
99,Chapter 9 - Models with a Quantitative Explanatory Variable,What is similar is that the single quantitative explanatory variable and the two-group model both have height as the explanatory variable. The main difference is that Height is a continuous explaining variable while the Height2Group is a two-group model so there will be two means shown at b0 and b1.,What is different in the GLM notation for these two models? What is similar?
100,Chapter 9 - Models with a Quantitative Explanatory Variable,there is no differences it is the exact same model,What is different in the GLM notation for these two models? What is similar?
101,Chapter 9 - Models with a Quantitative Explanatory Variable,They look the same to me?,What is different in the GLM notation for these two models? What is similar?
102,Chapter 9 - Models with a Quantitative Explanatory Variable,"Notations are the same, interpretation based on context is different",What is different in the GLM notation for these two models? What is similar?
103,Chapter 9 - Models with a Quantitative Explanatory Variable,Yi= bo + b1(Height or Height2Group)i + ei,What is different in the GLM notation for these two models? What is similar?
104,Chapter 9 - Models with a Quantitative Explanatory Variable,their quanartative varaible is different,What is different in the GLM notation for these two models? What is similar?
105,Chapter 9 - Models with a Quantitative Explanatory Variable,No difference,What is different in the GLM notation for these two models? What is similar?
106,Chapter 9 - Models with a Quantitative Explanatory Variable,Nothing is different they are both the same.,What is different in the GLM notation for these two models? What is similar?
107,Chapter 9 - Models with a Quantitative Explanatory Variable,They look the same.,What is different in the GLM notation for these two models? What is similar?
108,Chapter 9 - Models with a Quantitative Explanatory Variable,they r the same,What is different in the GLM notation for these two models? What is similar?
109,Chapter 9 - Models with a Quantitative Explanatory Variable,The b0 and b1 values would be identical to the 2 group model because the values 0 and 1 would be representing the categories,What do you think would happen if we coded the <code>GenderNum</code> groups 0 and 1 instead of 1 and 2? Why?
110,Chapter 9 - Models with a Quantitative Explanatory Variable,We will get a higher intercept because the data will shift to the left of the graph.,What do you think would happen if we coded the <code>GenderNum</code> groups 0 and 1 instead of 1 and 2? Why?
111,Chapter 9 - Models with a Quantitative Explanatory Variable,It would look more like the gender model instead because one would be a non factor,What do you think would happen if we coded the <code>GenderNum</code> groups 0 and 1 instead of 1 and 2? Why?
112,Chapter 9 - Models with a Quantitative Explanatory Variable,The b1 value would be closer to zero because the zero is factored into the model.,What do you think would happen if we coded the <code>GenderNum</code> groups 0 and 1 instead of 1 and 2? Why?
113,Chapter 9 - Models with a Quantitative Explanatory Variable,"This would simplify the statistical analysis, where the regression constant shows the mean of the baseline group and the coefficient would be the difference for the other group (male vs. female)",What do you think would happen if we coded the <code>GenderNum</code> groups 0 and 1 instead of 1 and 2? Why?
114,Chapter 9 - Models with a Quantitative Explanatory Variable,This would likely make the GenderNum model identical to the Gender model,What do you think would happen if we coded the <code>GenderNum</code> groups 0 and 1 instead of 1 and 2? Why?
115,Chapter 9 - Models with a Quantitative Explanatory Variable,Different intercept because the group zero would be at the y intercept.,What do you think would happen if we coded the <code>GenderNum</code> groups 0 and 1 instead of 1 and 2? Why?
116,Chapter 9 - Models with a Quantitative Explanatory Variable,If we coded them as 0 this would mean gender when predicted thumb length = 0 which is impossible,What do you think would happen if we coded the <code>GenderNum</code> groups 0 and 1 instead of 1 and 2? Why?
117,Chapter 9 - Models with a Quantitative Explanatory Variable,I think that the values for both GenderNum and Gender would be the same.,What do you think would happen if we coded the <code>GenderNum</code> groups 0 and 1 instead of 1 and 2? Why?
118,Chapter 9 - Models with a Quantitative Explanatory Variable,no,What do you think would happen if we coded the <code>GenderNum</code> groups 0 and 1 instead of 1 and 2? Why?
119,Chapter 9 - Models with a Quantitative Explanatory Variable,"It would be confused because they are showing two genders (1 and 2), and if they are showing 0 and 1 than one is going to be the baseline.",What do you think would happen if we coded the <code>GenderNum</code> groups 0 and 1 instead of 1 and 2? Why?
120,Chapter 9 - Models with a Quantitative Explanatory Variable,"Nothing would change, as it would still remain a numerical variable.",What do you think would happen if we coded the <code>GenderNum</code> groups 0 and 1 instead of 1 and 2? Why?
121,Chapter 9 - Models with a Quantitative Explanatory Variable,"The intercept would be lower, because its taking 1 and 0 as values- just like it did with 1 and 2",What do you think would happen if we coded the <code>GenderNum</code> groups 0 and 1 instead of 1 and 2? Why?
122,Chapter 9 - Models with a Quantitative Explanatory Variable,It would confused the Xi value,What do you think would happen if we coded the <code>GenderNum</code> groups 0 and 1 instead of 1 and 2? Why?
123,Chapter 9 - Models with a Quantitative Explanatory Variable,"R will accidentally read this as categorical, thinking X=0 is not female (male) and x=1 female",What do you think would happen if we coded the <code>GenderNum</code> groups 0 and 1 instead of 1 and 2? Why?
124,Chapter 9 - Models with a Quantitative Explanatory Variable,it would impact the gragh,What do you think would happen if we coded the <code>GenderNum</code> groups 0 and 1 instead of 1 and 2? Why?
125,Chapter 9 - Models with a Quantitative Explanatory Variable,I think that it would turn out the same as the gender model since it will have the same 1-unit gap as the gender data.,What do you think would happen if we coded the <code>GenderNum</code> groups 0 and 1 instead of 1 and 2? Why?
126,Chapter 9 - Models with a Quantitative Explanatory Variable,then the values would be different. 0 now same as 1 and 1 is doubled,What do you think would happen if we coded the <code>GenderNum</code> groups 0 and 1 instead of 1 and 2? Why?
127,Chapter 9 - Models with a Quantitative Explanatory Variable,Because the Height model is used to make the zHeight model and both are dependent on the same variables.,Notice that the PRE statistic for the <code>Height_model</code> and the <code>zHeight_model</code> are identical. Why do you think this is?
128,Chapter 9 - Models with a Quantitative Explanatory Variable,The variation of the data stays the same in both models.,Notice that the PRE statistic for the <code>Height_model</code> and the <code>zHeight_model</code> are identical. Why do you think this is?
129,Chapter 9 - Models with a Quantitative Explanatory Variable,they both explain the same amount of variation in thumb length,Notice that the PRE statistic for the <code>Height_model</code> and the <code>zHeight_model</code> are identical. Why do you think this is?
130,Chapter 9 - Models with a Quantitative Explanatory Variable,"Because they should be the same, the zmodel is just going to center the data at 0 and spread out all the data points by how many standard deviations away it is.",Notice that the PRE statistic for the <code>Height_model</code> and the <code>zHeight_model</code> are identical. Why do you think this is?
131,Chapter 9 - Models with a Quantitative Explanatory Variable,they use the same mean,Notice that the PRE statistic for the <code>Height_model</code> and the <code>zHeight_model</code> are identical. Why do you think this is?
132,Chapter 9 - Models with a Quantitative Explanatory Variable,Because they are using the same data and the same stats,Notice that the PRE statistic for the <code>Height_model</code> and the <code>zHeight_model</code> are identical. Why do you think this is?
133,Chapter 9 - Models with a Quantitative Explanatory Variable,"This is because PRE is a percentage measurement, so it doesn't matter what numbers there are, if they are proportional they PRE will be the same.",Notice that the PRE statistic for the <code>Height_model</code> and the <code>zHeight_model</code> are identical. Why do you think this is?
134,Chapter 9 - Models with a Quantitative Explanatory Variable,The zscores are all reduced by the same ratio relative to the normal height_model.,Notice that the PRE statistic for the <code>Height_model</code> and the <code>zHeight_model</code> are identical. Why do you think this is?
135,Chapter 9 - Models with a Quantitative Explanatory Variable,The relationship between the outcome and explanatory variables is the same.,Notice that the PRE statistic for the <code>Height_model</code> and the <code>zHeight_model</code> are identical. Why do you think this is?
136,Chapter 9 - Models with a Quantitative Explanatory Variable,Because zHeight is just a scaled version of Height and so the PRE doesn't change.,Notice that the PRE statistic for the <code>Height_model</code> and the <code>zHeight_model</code> are identical. Why do you think this is?
137,Chapter 9 - Models with a Quantitative Explanatory Variable,"Because the z-score is indicative of the data points in the Height_model, which when all translated would result in the same data.",Notice that the PRE statistic for the <code>Height_model</code> and the <code>zHeight_model</code> are identical. Why do you think this is?
138,Chapter 9 - Models with a Quantitative Explanatory Variable,The same proportion of error is being reduced.,Notice that the PRE statistic for the <code>Height_model</code> and the <code>zHeight_model</code> are identical. Why do you think this is?
139,Chapter 9 - Models with a Quantitative Explanatory Variable,Because it is a percentage and percentages would remain,Notice that the PRE statistic for the <code>Height_model</code> and the <code>zHeight_model</code> are identical. Why do you think this is?
140,Chapter 9 - Models with a Quantitative Explanatory Variable,They are sampling the same data just at different scales.,Notice that the PRE statistic for the <code>Height_model</code> and the <code>zHeight_model</code> are identical. Why do you think this is?
141,Chapter 9 - Models with a Quantitative Explanatory Variable,That model/ total error explained the same amount of variation.,Notice that the PRE statistic for the <code>Height_model</code> and the <code>zHeight_model</code> are identical. Why do you think this is?
142,Chapter 9 - Models with a Quantitative Explanatory Variable,NA,Notice that the PRE statistic for the <code>Height_model</code> and the <code>zHeight_model</code> are identical. Why do you think this is?
143,Chapter 9 - Models with a Quantitative Explanatory Variable,they explain same amount of variatioon,Notice that the PRE statistic for the <code>Height_model</code> and the <code>zHeight_model</code> are identical. Why do you think this is?
144,Chapter 9 - Models with a Quantitative Explanatory Variable,"Because they're looking at the same data, just the scale is different.",Notice that the PRE statistic for the <code>Height_model</code> and the <code>zHeight_model</code> are identical. Why do you think this is?
145,Chapter 5 - A Simple Model,"a different kind of prediction from the empty model one, but still a prediction nontheless.","Based on what you have learned about notation so far, what do you think the&nbsp;\(b_0\)&nbsp;might represent in the equation above?"
146,Chapter 7 - Adding an Explanatory Variable to the Model,dyhftdh,Take a look at the output above. Is it still true that <strong>DATA = MODEL + ERROR</strong>? Explain how you can tell from the output?
147,Chapter 5 - A Simple Model,represents the intercept.,"Based on what you have learned about notation so far, what do you think the&nbsp;\(b_0\)&nbsp;might represent in the equation above?"
148,Chapter 5 - A Simple Model,I believe it might represent the mean of the distribution.,"Based on what you have learned about notation so far, what do you think the&nbsp;\(b_0\)&nbsp;might represent in the equation above?"
149,Chapter 5 - A Simple Model,I think b0 symbol represents the data.,"Based on what you have learned about notation so far, what do you think the&nbsp;\(b_0\)&nbsp;might represent in the equation above?"
150,Chapter 5 - A Simple Model,"Based on what I have learned so far, I think the b0 is the mean of all values of Y.","Based on what you have learned about notation so far, what do you think the&nbsp;\(b_0\)&nbsp;might represent in the equation above?"
151,Chapter 5 - A Simple Model,"b₀ represents the mean (average) of the Thumb values in the dataset
","Based on what you have learned about notation so far, what do you think the&nbsp;\(b_0\)&nbsp;might represent in the equation above?"
152,Chapter 5 - A Simple Model,The average lengths in the dataset.,"Based on what you have learned about notation so far, what do you think the&nbsp;\(b_0\)&nbsp;might represent in the equation above?"
153,Chapter 5 - A Simple Model,𝑌̂ (Y-hat) = the predicted thumb length from the model (the mean for the empty model).,"Based on what you have learned about notation so far, what do you think the&nbsp;\(b_0\)&nbsp;might represent in the equation above?"
154,Chapter 5 - A Simple Model,The overall of the mean of Yi,"Based on what you have learned about notation so far, what do you think the&nbsp;\(b_0\)&nbsp;might represent in the equation above?"
155,Chapter 6 - Quantifying Error,What was the highest score you can get on the game? Whats the lowest? Wht can you do to get score on the game?,"Say you have a video game called Kargle. A friend of yours says that their high score is 37,000 points. Is that a good score? How do you know?&nbsp; What else would you want to know to answer this question?"
156,Chapter 6 - Quantifying Error,"We can’t tell if 37,000 is a good score just from the number. We would need to know the average score and the spread of scores for the game to see how it compares to other players.
","Say you have a video game called Kargle. A friend of yours says that their high score is 37,000 points. Is that a good score? How do you know?&nbsp; What else would you want to know to answer this question?"
157,Chapter 6 - Quantifying Error,I would have to know what the other high scores are,"Say you have a video game called Kargle. A friend of yours says that their high score is 37,000 points. Is that a good score? How do you know?&nbsp; What else would you want to know to answer this question?"
158,Chapter 6 - Quantifying Error,"You can’t tell whether 37,000 is a good score just from the number alone. To interpret it, you need to know something about the distribution of Kargle scores.
","Say you have a video game called Kargle. A friend of yours says that their high score is 37,000 points. Is that a good score? How do you know?&nbsp; What else would you want to know to answer this question?"
159,Chapter 6 - Quantifying Error,"It sounds like a good when not knowing any more data, I would want to know what the standard deviation is.","Say you have a video game called Kargle. A friend of yours says that their high score is 37,000 points. Is that a good score? How do you know?&nbsp; What else would you want to know to answer this question?"
160,Chapter 6 - Quantifying Error,"In order to determine if it's a good score I'd have to know the average score for Kargle, highest score they've ever reached, how long a game as been out, how many people play it, difficulty setting of the game. For now I can't determine if it's a good score since I am missing information.","Say you have a video game called Kargle. A friend of yours says that their high score is 37,000 points. Is that a good score? How do you know?&nbsp; What else would you want to know to answer this question?"
161,Chapter 6 - Quantifying Error,I need to know the average scores and the standard deviation.,"Say you have a video game called Kargle. A friend of yours says that their high score is 37,000 points. Is that a good score? How do you know?&nbsp; What else would you want to know to answer this question?"
162,Chapter 6 - Quantifying Error,Cannot be deemed good without context,"Say you have a video game called Kargle. A friend of yours says that their high score is 37,000 points. Is that a good score? How do you know?&nbsp; What else would you want to know to answer this question?"
163,Chapter 6 - Quantifying Error,"Check wheather 37,000 points is above or below average. youd want to know the mean and the standard deviation.","Say you have a video game called Kargle. A friend of yours says that their high score is 37,000 points. Is that a good score? How do you know?&nbsp; What else would you want to know to answer this question?"
164,Chapter 6 - Quantifying Error,Absolute data points be analyzed within their respective frequency distributions.,"What is similar about 37,000 points in the Kargle situation and 65.1 mm in the <code>Thumb</code> situation?"
165,Chapter 6 - Quantifying Error,I know they're both above average,"What is similar about 37,000 points in the Kargle situation and 65.1 mm in the <code>Thumb</code> situation?"
166,Chapter 6 - Quantifying Error,both are distance,"What is similar about 37,000 points in the Kargle situation and 65.1 mm in the <code>Thumb</code> situation?"
167,Chapter 6 - Quantifying Error,"Both 37,000 points and 65.1 mm are specific data points or measurements that are being considered in relation to an average or mean.","What is similar about 37,000 points in the Kargle situation and 65.1 mm in the <code>Thumb</code> situation?"
168,Chapter 6 - Quantifying Error,Having mutiple samples of the thumb,"What is similar about 37,000 points in the Kargle situation and 65.1 mm in the <code>Thumb</code> situation?"
169,Chapter 6 - Quantifying Error,"Both 37,000 points and 65.1 mm are single values. By themselves they don’t tell us much unless we compare them to the mean and the spread of the distribution.
","What is similar about 37,000 points in the Kargle situation and 65.1 mm in the <code>Thumb</code> situation?"
170,Chapter 6 - Quantifying Error,"We know the difference of Kargle's score from the mean, but not how that compares to everyone else's","What is similar about 37,000 points in the Kargle situation and 65.1 mm in the <code>Thumb</code> situation?"
171,Chapter 6 - Quantifying Error,"Both tell us that they are higher than the average, but not much else.","What is similar about 37,000 points in the Kargle situation and 65.1 mm in the <code>Thumb</code> situation?"
172,Chapter 6 - Quantifying Error,"Both 37,000 points in Kargle and 65.1 mm for thumb length are single scores that are hard to interpret by themselves.","What is similar about 37,000 points in the Kargle situation and 65.1 mm in the <code>Thumb</code> situation?"
173,Chapter 6 - Quantifying Error,"When comparing both the z-scores, it is clear that a score of 2 from Distribution #1 is a much stronger performance. A higher z-score indicates that the individual's score is further away from the average, in terms of standard deviations. In Distribution #1, the player's score of 37,000 is 2 standard deviations above the mean, which is a much stronger performance compared to Distribution #2, where the same score is only 0.4 standard deviations above the mean.","Now compare the two z<em>&nbsp;</em>scores (2 vs. 0.4). Which is more impressive, a player with a&nbsp;z&nbsp;score of 2 or one with a&nbsp;z&nbsp;score of 0.4? Why?"
174,Chapter 6 - Quantifying Error,2 because it is farther than the mean,"Now compare the two z<em>&nbsp;</em>scores (2 vs. 0.4). Which is more impressive, a player with a&nbsp;z&nbsp;score of 2 or one with a&nbsp;z&nbsp;score of 0.4? Why?"
175,Chapter 6 - Quantifying Error,a player with a Z score of 2 is significantly more impressive than a player with a z score of 0.4,"Now compare the two z<em>&nbsp;</em>scores (2 vs. 0.4). Which is more impressive, a player with a&nbsp;z&nbsp;score of 2 or one with a&nbsp;z&nbsp;score of 0.4? Why?"
176,Chapter 6 - Quantifying Error,the larger the z score the more unusual performance 0.4 is slightly above the average,"Now compare the two z<em>&nbsp;</em>scores (2 vs. 0.4). Which is more impressive, a player with a&nbsp;z&nbsp;score of 2 or one with a&nbsp;z&nbsp;score of 0.4? Why?"
177,Chapter 6 - Quantifying Error,"A player with a z-score of 2 is more impressive because their score is 2 standard deviations above the mean, which means it is much farther above average than a score that is only 0.4 standard deviations above the mean.","Now compare the two z<em>&nbsp;</em>scores (2 vs. 0.4). Which is more impressive, a player with a&nbsp;z&nbsp;score of 2 or one with a&nbsp;z&nbsp;score of 0.4? Why?"
178,Chapter 6 - Quantifying Error,".4, because it is a shorter distance from the mean","Now compare the two z<em>&nbsp;</em>scores (2 vs. 0.4). Which is more impressive, a player with a&nbsp;z&nbsp;score of 2 or one with a&nbsp;z&nbsp;score of 0.4? Why?"
179,Chapter 6 - Quantifying Error,More impressive is the player with 2 because its a higher number and harder to get,"Now compare the two z<em>&nbsp;</em>scores (2 vs. 0.4). Which is more impressive, a player with a&nbsp;z&nbsp;score of 2 or one with a&nbsp;z&nbsp;score of 0.4? Why?"
180,Chapter 6 - Quantifying Error,A z-score of 2 is more impressive since it is higher.,"Now compare the two z<em>&nbsp;</em>scores (2 vs. 0.4). Which is more impressive, a player with a&nbsp;z&nbsp;score of 2 or one with a&nbsp;z&nbsp;score of 0.4? Why?"
181,Chapter 9 - Models with a Quantitative Explanatory Variable,the similar is the structure both are linear model predicting thumbs,What is different in the GLM notation for these two models? What is similar?
182,Chapter 9 - Models with a Quantitative Explanatory Variable,"Difference:
Height model uses one numeric variable
Height2Group model uses multiple group (dummy) variables
Similar:
Both are linear models predicting Thumb with an intercept + predictors",What is different in the GLM notation for these two models? What is similar?
183,Chapter 9 - Models with a Quantitative Explanatory Variable,Both models use the same equation but X is different. One uses actual values and the other uses groups like 0 and 1.,What is different in the GLM notation for these two models? What is similar?
184,Chapter 9 - Models with a Quantitative Explanatory Variable,everything looks the same,What is different in the GLM notation for these two models? What is similar?
185,Chapter 9 - Models with a Quantitative Explanatory Variable,"Both models use the same equation form, but the Height model uses a quantitative variable while the Height2Group model uses a categorical variable",What is different in the GLM notation for these two models? What is similar?
186,Chapter 9 - Models with a Quantitative Explanatory Variable,"The difference is that in a single quantitative explanatory variable, Xi is a measurement that can take on any value and bi tells us how much Yi changes, on average, for every one-unit increase in Xi. However, for the two group model, Xi is a label or category, usually represented by 0 or 1 and bi tells us the difference in Yi between the two groups. The similarities are that both equations represent a linear relationship between a dependent variable and an explanatory variable with an intercept and an error term.",What is different in the GLM notation for these two models? What is similar?
187,Chapter 9 - Models with a Quantitative Explanatory Variable,quantitative variable → line (slope); categorical variable → group means,What is different in the GLM notation for these two models? What is similar?
188,Chapter 9 - Models with a Quantitative Explanatory Variable,Both of these notations look the same but are used for different variables.,What is different in the GLM notation for these two models? What is similar?
189,Chapter 9 - Models with a Quantitative Explanatory Variable,"Coding as 0/1 aligns the numeric model with the group structure, making both parameters (intercept and slope) directly interpretable in terms of group means and differences.",What do you think would happen if we coded the <code>GenderNum</code> groups 0 and 1 instead of 1 and 2? Why?
190,Chapter 5 - A Simple Model,"Bo represent is simply the mean . It is the predicted value for everyone. 
","Based on what you have learned about notation so far, what do you think the&nbsp;\(b_0\)&nbsp;might represent in the equation above?"
191,Chapter 5 - A Simple Model,it is the mean,"Based on what you have learned about notation so far, what do you think the&nbsp;\(b_0\)&nbsp;might represent in the equation above?"
192,Chapter 5 - A Simple Model,b0 represents the Y-intercept of the regression line.,"Based on what you have learned about notation so far, what do you think the&nbsp;\(b_0\)&nbsp;might represent in the equation above?"
193,Chapter 5 - A Simple Model,prediction,"Based on what you have learned about notation so far, what do you think the&nbsp;\(b_0\)&nbsp;might represent in the equation above?"
194,Chapter 5 - A Simple Model,bo represents the mean of the equation.,"Based on what you have learned about notation so far, what do you think the&nbsp;\(b_0\)&nbsp;might represent in the equation above?"
195,Chapter 5 - A Simple Model,The mean.,"Based on what you have learned about notation so far, what do you think the&nbsp;\(b_0\)&nbsp;might represent in the equation above?"
196,Chapter 5 - A Simple Model,"If Yi means the thumb and ei means the residual, I believe b0 would be the predict.","Based on what you have learned about notation so far, what do you think the&nbsp;\(b_0\)&nbsp;might represent in the equation above?"
197,Chapter 5 - A Simple Model,A prediction,"Based on what you have learned about notation so far, what do you think the&nbsp;\(b_0\)&nbsp;might represent in the equation above?"
198,Chapter 5 - A Simple Model,MEAN,"Based on what you have learned about notation so far, what do you think the&nbsp;\(b_0\)&nbsp;might represent in the equation above?"
199,Chapter 5 - A Simple Model,it represents the models predicted baseline value,"Based on what you have learned about notation so far, what do you think the&nbsp;\(b_0\)&nbsp;might represent in the equation above?"
200,Chapter 5 - A Simple Model,the prediction,"Based on what you have learned about notation so far, what do you think the&nbsp;\(b_0\)&nbsp;might represent in the equation above?"
201,Chapter 5 - A Simple Model,the y-intercept,"Based on what you have learned about notation so far, what do you think the&nbsp;\(b_0\)&nbsp;might represent in the equation above?"
202,Chapter 5 - A Simple Model,"b0 represents the mean (average) of the outcome variable, and in the empty model, it’s the single number we use to predict everyone the overall average.","Based on what you have learned about notation so far, what do you think the&nbsp;\(b_0\)&nbsp;might represent in the equation above?"
203,Chapter 5 - A Simple Model,the constant predicted by the model = the mean of the outcome variable.,"Based on what you have learned about notation so far, what do you think the&nbsp;\(b_0\)&nbsp;might represent in the equation above?"
204,Chapter 6 - Quantifying Error,We would need to know the average score to gauge if this score is impressive.,"Say you have a video game called Kargle. A friend of yours says that their high score is 37,000 points. Is that a good score? How do you know?&nbsp; What else would you want to know to answer this question?"
205,Chapter 6 - Quantifying Error,It sounds like a good score because its a high number but we don't know the average scores or the highest score in the game.,"Say you have a video game called Kargle. A friend of yours says that their high score is 37,000 points. Is that a good score? How do you know?&nbsp; What else would you want to know to answer this question?"
206,Chapter 6 - Quantifying Error,I would compare their score to the mean using standard deviation and then I will decide if they scored high or average,"Say you have a video game called Kargle. A friend of yours says that their high score is 37,000 points. Is that a good score? How do you know?&nbsp; What else would you want to know to answer this question?"
207,Chapter 6 - Quantifying Error,I wouldn't know if that was a good score unless I could see the spread of data to compare it to.,"Say you have a video game called Kargle. A friend of yours says that their high score is 37,000 points. Is that a good score? How do you know?&nbsp; What else would you want to know to answer this question?"
208,Chapter 6 - Quantifying Error,I would want to know the maximum score and minimum scores people get according to different levels to navigate whether her score is high or low,"Say you have a video game called Kargle. A friend of yours says that their high score is 37,000 points. Is that a good score? How do you know?&nbsp; What else would you want to know to answer this question?"
209,Chapter 6 - Quantifying Error,"A 37,000-point score in Kargle cannot be deemed ""good"" without context regarding the game's scoring distribution, such as the mean, standard deviation, and percentiles. While 37,000 might be high if the average is 20,000, it is not necessarily impressive if the average is higher or if the game's scores have high variance (standard deviation).","Say you have a video game called Kargle. A friend of yours says that their high score is 37,000 points. Is that a good score? How do you know?&nbsp; What else would you want to know to answer this question?"
210,Chapter 6 - Quantifying Error,"i can’t tell if 37,000 points is a good score without context. I would need to know the average (mean) score, the range of scores, and how much scores vary (standard deviation) to see if 37,000 is above or below typical scores.","Say you have a video game called Kargle. A friend of yours says that their high score is 37,000 points. Is that a good score? How do you know?&nbsp; What else would you want to know to answer this question?"
211,Chapter 6 - Quantifying Error,If we could assume the starting point is zero we can go from there.,"Say you have a video game called Kargle. A friend of yours says that their high score is 37,000 points. Is that a good score? How do you know?&nbsp; What else would you want to know to answer this question?"
212,Chapter 6 - Quantifying Error,"I don't have any way to know this is a good score. An average score could place anywhere from 0 to almost a million. I would need to know what the mean is, and the standard deviation.","Say you have a video game called Kargle. A friend of yours says that their high score is 37,000 points. Is that a good score? How do you know?&nbsp; What else would you want to know to answer this question?"
213,Chapter 6 - Quantifying Error,i would not know unless i got the mean and SD.,"Say you have a video game called Kargle. A friend of yours says that their high score is 37,000 points. Is that a good score? How do you know?&nbsp; What else would you want to know to answer this question?"
214,Chapter 6 - Quantifying Error,"I would want to know the average score and how spread out the scores are, so I can tell if 37,000 is high or not.","Say you have a video game called Kargle. A friend of yours says that their high score is 37,000 points. Is that a good score? How do you know?&nbsp; What else would you want to know to answer this question?"
215,Chapter 6 - Quantifying Error,I do not know yet due to lack of context and reference of the raw score. In order to determine the score is good is using the mean for the average scores of all players and the standard deviation  to know how much the scores vary.,"Say you have a video game called Kargle. A friend of yours says that their high score is 37,000 points. Is that a good score? How do you know?&nbsp; What else would you want to know to answer this question?"
216,Chapter 6 - Quantifying Error,I would need to know the sd of the scores first,"Say you have a video game called Kargle. A friend of yours says that their high score is 37,000 points. Is that a good score? How do you know?&nbsp; What else would you want to know to answer this question?"
217,Chapter 6 - Quantifying Error,yes it is good because if the mean is 3500 with standard of deviation of 10000,"Say you have a video game called Kargle. A friend of yours says that their high score is 37,000 points. Is that a good score? How do you know?&nbsp; What else would you want to know to answer this question?"
218,Chapter 6 - Quantifying Error,I wouldn't know whether their score was good because I have nothing to base it on. I would like to know the mean score to know if they got above or below it.,"Say you have a video game called Kargle. A friend of yours says that their high score is 37,000 points. Is that a good score? How do you know?&nbsp; What else would you want to know to answer this question?"
219,Chapter 6 - Quantifying Error,I would want to know what the highest score you can get in the game is.,"Say you have a video game called Kargle. A friend of yours says that their high score is 37,000 points. Is that a good score? How do you know?&nbsp; What else would you want to know to answer this question?"
220,Chapter 6 - Quantifying Error,know the mean and sd,"Say you have a video game called Kargle. A friend of yours says that their high score is 37,000 points. Is that a good score? How do you know?&nbsp; What else would you want to know to answer this question?"
221,Chapter 6 - Quantifying Error,"What is actually happening in terms of highest score. In this game called Kargle, is 37,000 the highest score to be achieved or is there another set of high scores?","Say you have a video game called Kargle. A friend of yours says that their high score is 37,000 points. Is that a good score? How do you know?&nbsp; What else would you want to know to answer this question?"
222,Chapter 6 - Quantifying Error,"The players of the game is 35,000 and below average by 2,000 points.","What is similar about 37,000 points in the Kargle situation and 65.1 mm in the <code>Thumb</code> situation?"
223,Chapter 6 - Quantifying Error,that we know the mean,"What is similar about 37,000 points in the Kargle situation and 65.1 mm in the <code>Thumb</code> situation?"
224,Chapter 6 - Quantifying Error,The similarity is that both are a little above average.,"What is similar about 37,000 points in the Kargle situation and 65.1 mm in the <code>Thumb</code> situation?"
225,Chapter 6 - Quantifying Error,"Both the 37,000-point score in the Kargle situation and the 65.1 mm length in the Thumb situation represent specific data points used to calculate ""z-scores,"" with both values falling 2,000 units","What is similar about 37,000 points in the Kargle situation and 65.1 mm in the <code>Thumb</code> situation?"
226,Chapter 6 - Quantifying Error,It is a sample.,"What is similar about 37,000 points in the Kargle situation and 65.1 mm in the <code>Thumb</code> situation?"
227,Chapter 6 - Quantifying Error,They are both above average in the data set.,"What is similar about 37,000 points in the Kargle situation and 65.1 mm in the <code>Thumb</code> situation?"
228,Chapter 6 - Quantifying Error,They are both raw scores. we need to know how far both are from the mean.,"What is similar about 37,000 points in the Kargle situation and 65.1 mm in the <code>Thumb</code> situation?"
229,Chapter 6 - Quantifying Error,that their scores/thumb length is above the mean,"What is similar about 37,000 points in the Kargle situation and 65.1 mm in the <code>Thumb</code> situation?"
230,Chapter 6 - Quantifying Error,"In both cases, we’re looking at how far a single value is from the typical value, which is measured using things like deviation, z-scores, or standard deviation.","What is similar about 37,000 points in the Kargle situation and 65.1 mm in the <code>Thumb</code> situation?"
231,Chapter 6 - Quantifying Error,"they both have single observations, impossible to interpret the isolation","What is similar about 37,000 points in the Kargle situation and 65.1 mm in the <code>Thumb</code> situation?"
232,Chapter 6 - Quantifying Error,They're both specific data points,"What is similar about 37,000 points in the Kargle situation and 65.1 mm in the <code>Thumb</code> situation?"
233,Chapter 6 - Quantifying Error,both are above the mean,"What is similar about 37,000 points in the Kargle situation and 65.1 mm in the <code>Thumb</code> situation?"
234,Chapter 6 - Quantifying Error,We don't know how far above the average is in relation to the whole distribution.,"What is similar about 37,000 points in the Kargle situation and 65.1 mm in the <code>Thumb</code> situation?"
235,Chapter 6 - Quantifying Error,They both have a z-score of +0.40 and have exactly 0.40 standard deviation above the mean of their respective distribution.,"What is similar about 37,000 points in the Kargle situation and 65.1 mm in the <code>Thumb</code> situation?"
236,Chapter 6 - Quantifying Error,SD and distribution shape are still needed to gain perspective,"What is similar about 37,000 points in the Kargle situation and 65.1 mm in the <code>Thumb</code> situation?"
237,Chapter 6 - Quantifying Error,Both are slightly higher than the mean.,"What is similar about 37,000 points in the Kargle situation and 65.1 mm in the <code>Thumb</code> situation?"
238,Chapter 6 - Quantifying Error,That it is slightly above the average,"What is similar about 37,000 points in the Kargle situation and 65.1 mm in the <code>Thumb</code> situation?"
239,Chapter 6 - Quantifying Error,"Both are above average, but we don’t know how far above the rest of the distribution they are.","What is similar about 37,000 points in the Kargle situation and 65.1 mm in the <code>Thumb</code> situation?"
240,Chapter 6 - Quantifying Error,The player with z-score of 2 is more impressive because it reps a much larger exceptional performance.,"Now compare the two z<em>&nbsp;</em>scores (2 vs. 0.4). Which is more impressive, a player with a&nbsp;z&nbsp;score of 2 or one with a&nbsp;z&nbsp;score of 0.4? Why?"
241,Chapter 6 - Quantifying Error,"z score of 2 is more impressive, 2 whole sd above mean is more impressive than 0.4","Now compare the two z<em>&nbsp;</em>scores (2 vs. 0.4). Which is more impressive, a player with a&nbsp;z&nbsp;score of 2 or one with a&nbsp;z&nbsp;score of 0.4? Why?"
242,Chapter 6 - Quantifying Error,The 2 is more impressive.,"Now compare the two z<em>&nbsp;</em>scores (2 vs. 0.4). Which is more impressive, a player with a&nbsp;z&nbsp;score of 2 or one with a&nbsp;z&nbsp;score of 0.4? Why?"
243,Chapter 6 - Quantifying Error,The player with a z score of 2 is more impressive. It is farther from the mean.,"Now compare the two z<em>&nbsp;</em>scores (2 vs. 0.4). Which is more impressive, a player with a&nbsp;z&nbsp;score of 2 or one with a&nbsp;z&nbsp;score of 0.4? Why?"
244,Chapter 6 - Quantifying Error,a player with the z score of 2 because it means they are 2 standard deviation above the mean and 2 is greater than 0.4,"Now compare the two z<em>&nbsp;</em>scores (2 vs. 0.4). Which is more impressive, a player with a&nbsp;z&nbsp;score of 2 or one with a&nbsp;z&nbsp;score of 0.4? Why?"
245,Chapter 6 - Quantifying Error,a player with a z-score of 2 is better because is is higher than the mean rather than the 0.4,"Now compare the two z<em>&nbsp;</em>scores (2 vs. 0.4). Which is more impressive, a player with a&nbsp;z&nbsp;score of 2 or one with a&nbsp;z&nbsp;score of 0.4? Why?"
246,Chapter 6 - Quantifying Error,higher z-scores indicate performance that is more extreme and outstanding compared to the rest of the distribution,"Now compare the two z<em>&nbsp;</em>scores (2 vs. 0.4). Which is more impressive, a player with a&nbsp;z&nbsp;score of 2 or one with a&nbsp;z&nbsp;score of 0.4? Why?"
247,Chapter 6 - Quantifying Error,a player with .4,"Now compare the two z<em>&nbsp;</em>scores (2 vs. 0.4). Which is more impressive, a player with a&nbsp;z&nbsp;score of 2 or one with a&nbsp;z&nbsp;score of 0.4? Why?"
248,Chapter 6 - Quantifying Error,A player with a z-score of 2 is more impressive than a player with a z-score of 0.4.,"Now compare the two z<em>&nbsp;</em>scores (2 vs. 0.4). Which is more impressive, a player with a&nbsp;z&nbsp;score of 2 or one with a&nbsp;z&nbsp;score of 0.4? Why?"
249,Chapter 6 - Quantifying Error,2 is more ijmpressive because 0.4 is only slightly above the mean where as 2 is higher,"Now compare the two z<em>&nbsp;</em>scores (2 vs. 0.4). Which is more impressive, a player with a&nbsp;z&nbsp;score of 2 or one with a&nbsp;z&nbsp;score of 0.4? Why?"
250,Chapter 6 - Quantifying Error,A player with a z score of 2 because that means their score is two standard deviations above the mean.,"Now compare the two z<em>&nbsp;</em>scores (2 vs. 0.4). Which is more impressive, a player with a&nbsp;z&nbsp;score of 2 or one with a&nbsp;z&nbsp;score of 0.4? Why?"
251,Chapter 6 - Quantifying Error,A z-score of 2 is more impressive because it is 2 standard deviations above the mean,"Now compare the two z<em>&nbsp;</em>scores (2 vs. 0.4). Which is more impressive, a player with a&nbsp;z&nbsp;score of 2 or one with a&nbsp;z&nbsp;score of 0.4? Why?"
252,Chapter 6 - Quantifying Error,2 because the player is 2 standard deviations above the mean which is very high so that means the player is performing better than the other players,"Now compare the two z<em>&nbsp;</em>scores (2 vs. 0.4). Which is more impressive, a player with a&nbsp;z&nbsp;score of 2 or one with a&nbsp;z&nbsp;score of 0.4? Why?"
253,Chapter 6 - Quantifying Error,a score of 2 is better because it is bigger,"Now compare the two z<em>&nbsp;</em>scores (2 vs. 0.4). Which is more impressive, a player with a&nbsp;z&nbsp;score of 2 or one with a&nbsp;z&nbsp;score of 0.4? Why?"
254,Chapter 6 - Quantifying Error,A z-score of 2 is more impressive since it is two standard deviation above the mean. Since it is harder to score with two standard deviation above the mean than to score less than one half od the standard deviation above the mean.,"Now compare the two z<em>&nbsp;</em>scores (2 vs. 0.4). Which is more impressive, a player with a&nbsp;z&nbsp;score of 2 or one with a&nbsp;z&nbsp;score of 0.4? Why?"
255,Chapter 6 - Quantifying Error,"A z-score of 2, as 2 standard deviations is greater than 0.4","Now compare the two z<em>&nbsp;</em>scores (2 vs. 0.4). Which is more impressive, a player with a&nbsp;z&nbsp;score of 2 or one with a&nbsp;z&nbsp;score of 0.4? Why?"
256,Chapter 6 - Quantifying Error,2 because it shows that the player is above the mean,"Now compare the two z<em>&nbsp;</em>scores (2 vs. 0.4). Which is more impressive, a player with a&nbsp;z&nbsp;score of 2 or one with a&nbsp;z&nbsp;score of 0.4? Why?"
257,Chapter 6 - Quantifying Error,"z=2 is more impressive because it means the score is 2 standard deviations above the mean, which is much farther from the average than 0.4 standard deviations.","Now compare the two z<em>&nbsp;</em>scores (2 vs. 0.4). Which is more impressive, a player with a&nbsp;z&nbsp;score of 2 or one with a&nbsp;z&nbsp;score of 0.4? Why?"
258,Chapter 7 - Adding an Explanatory Variable to the Model,yes .,Take a look at the output above. Is it still true that <strong>DATA = MODEL + ERROR</strong>? Explain how you can tell from the output?
259,Chapter 7 - Adding an Explanatory Variable to the Model,"Yes, it does seem that data = model + error is true. If you add up the prediction and the residuals, it comes out to the actual thumb length of the student.",Take a look at the output above. Is it still true that <strong>DATA = MODEL + ERROR</strong>? Explain how you can tell from the output?
260,Chapter 7 - Adding an Explanatory Variable to the Model,"When you add the prediction (Gender_predict and the residual( Gender_resid) together, you get the actual observed data value.",Take a look at the output above. Is it still true that <strong>DATA = MODEL + ERROR</strong>? Explain how you can tell from the output?
261,Chapter 7 - Adding an Explanatory Variable to the Model,"yes, adding either -/+",Take a look at the output above. Is it still true that <strong>DATA = MODEL + ERROR</strong>? Explain how you can tell from the output?
262,Chapter 7 - Adding an Explanatory Variable to the Model,im nt sure,Take a look at the output above. Is it still true that <strong>DATA = MODEL + ERROR</strong>? Explain how you can tell from the output?
263,Chapter 7 - Adding an Explanatory Variable to the Model,"Data = Model + Error is still true because thumb is the data, gender_predict is the model, and gender_resid is the error we detected.",Take a look at the output above. Is it still true that <strong>DATA = MODEL + ERROR</strong>? Explain how you can tell from the output?
264,Chapter 7 - Adding an Explanatory Variable to the Model,"yes because the output displays all 3 pieces of the actual value, predicted value and the residual",Take a look at the output above. Is it still true that <strong>DATA = MODEL + ERROR</strong>? Explain how you can tell from the output?
265,Chapter 7 - Adding an Explanatory Variable to the Model,"This fundamental principle of statistical modeling remains true regardless of how complex the model becomes, because the model never perfectly predicts every single data point.",Take a look at the output above. Is it still true that <strong>DATA = MODEL + ERROR</strong>? Explain how you can tell from the output?
266,Chapter 7 - Adding an Explanatory Variable to the Model,Yes its still true. if you add gender_predict and gender_resid it should equal 64.,Take a look at the output above. Is it still true that <strong>DATA = MODEL + ERROR</strong>? Explain how you can tell from the output?
267,Chapter 7 - Adding an Explanatory Variable to the Model,Yes because the predicted model value plus the residual error equals the original observed value.,Take a look at the output above. Is it still true that <strong>DATA = MODEL + ERROR</strong>? Explain how you can tell from the output?
268,Chapter 7 - Adding an Explanatory Variable to the Model,Yes. You can see it because Thumb = prediction + residual for each student.,Take a look at the output above. Is it still true that <strong>DATA = MODEL + ERROR</strong>? Explain how you can tell from the output?
269,Chapter 7 - Adding an Explanatory Variable to the Model,yes because of the residual,Take a look at the output above. Is it still true that <strong>DATA = MODEL + ERROR</strong>? Explain how you can tell from the output?
270,Chapter 7 - Adding an Explanatory Variable to the Model,"Yes it is true. By combining the error with the predicted model, we find the correct data",Take a look at the output above. Is it still true that <strong>DATA = MODEL + ERROR</strong>? Explain how you can tell from the output?
271,Chapter 7 - Adding an Explanatory Variable to the Model,"Yes, because if you add the Gender_resid numbers to the Gender_predict numbers, it equals the Data number under Thumb. Gender_resid representing Error and Gender_predict representing Model.",Take a look at the output above. Is it still true that <strong>DATA = MODEL + ERROR</strong>? Explain how you can tell from the output?
272,Chapter 7 - Adding an Explanatory Variable to the Model,Yes.,Take a look at the output above. Is it still true that <strong>DATA = MODEL + ERROR</strong>? Explain how you can tell from the output?
273,Chapter 7 - Adding an Explanatory Variable to the Model,i can tell the output by the gender_resid of how much of a difference from the mean is the student,Take a look at the output above. Is it still true that <strong>DATA = MODEL + ERROR</strong>? Explain how you can tell from the output?
274,Chapter 7 - Adding an Explanatory Variable to the Model,You can verify this directly from the table by adding the prediction and the residual.,Take a look at the output above. Is it still true that <strong>DATA = MODEL + ERROR</strong>? Explain how you can tell from the output?
275,Chapter 7 - Adding an Explanatory Variable to the Model,The output would be used to predict gender.,Take a look at the output above. Is it still true that <strong>DATA = MODEL + ERROR</strong>? Explain how you can tell from the output?
276,Chapter 9 - Models with a Quantitative Explanatory Variable,"In GLM (General Linear Model) notation, both models look identical at first glance, but the way we define the xi variable changes significantly.",What is different in the GLM notation for these two models? What is similar?
277,Chapter 9 - Models with a Quantitative Explanatory Variable,the difference between them is what Xi represents. in height model Xi represents each person's actual numeric height in height2group Xi represents a variable. the similarities are both models use the same GLM format and the notation looks identical,What is different in the GLM notation for these two models? What is similar?
278,Chapter 9 - Models with a Quantitative Explanatory Variable,"Quantitative Model (Height):\(X_{i}\) is a continuous number (e.g., 68 inches).\(b_{1}\) is the slope—it tells you the predicted change in thumb length for every 1-inch increase in height.Categorical Model (Height2Group):\(X_{i}\) is an indicator (usually 0 or 1) used as a ""switch"" for groups (e.g., Short vs. Tall).\(b_{1}\) is the difference between group means—it tells you how much to add to the first group's mean to get the second group's mean.",What is different in the GLM notation for these two models? What is similar?
279,Chapter 9 - Models with a Quantitative Explanatory Variable,"The difference between the two is the replacement values for b0 + b1Xi, while they both use the same base GLM Notation.",What is different in the GLM notation for these two models? What is similar?
280,Chapter 9 - Models with a Quantitative Explanatory Variable,there is no difference,What is different in the GLM notation for these two models? What is similar?
281,Chapter 9 - Models with a Quantitative Explanatory Variable,The difference is in the interpretation of the parameters in the GLM notation. They use the same GLM notation but differ in what Xi stands for.,What is different in the GLM notation for these two models? What is similar?
282,Chapter 9 - Models with a Quantitative Explanatory Variable,"The form of the model is the same, but the interpretation of XiX_iXi​ and b1b_1b1​ is different depending on whether the predictor is continuous or categorical.",What is different in the GLM notation for these two models? What is similar?
283,Chapter 9 - Models with a Quantitative Explanatory Variable,They are both the same,What is different in the GLM notation for these two models? What is similar?
284,Chapter 9 - Models with a Quantitative Explanatory Variable,"What is different is that one model uses Height as the explanatory variable, and the other uses Height2Group.
What is similar is that both use the same model form with Y, b0, b1, and error to predict thumb length.",What is different in the GLM notation for these two models? What is similar?
285,Chapter 9 - Models with a Quantitative Explanatory Variable,These two models (Height/Height2Group appear to have the same formula.,What is different in the GLM notation for these two models? What is similar?
286,Chapter 9 - Models with a Quantitative Explanatory Variable,They show the same thing,What is different in the GLM notation for these two models? What is similar?
287,Chapter 9 - Models with a Quantitative Explanatory Variable,"they look the exact same, i am unable to see any difference.",What is different in the GLM notation for these two models? What is similar?
288,Chapter 9 - Models with a Quantitative Explanatory Variable,"same model, specification varies",What is different in the GLM notation for these two models? What is similar?
289,Chapter 9 - Models with a Quantitative Explanatory Variable,"The key difference lies in the interpretation of these parameters and how data is coded (e.g., categorical groups vs. continuous predictor) to produce different predictions.",What is different in the GLM notation for these two models? What is similar?
290,Chapter 9 - Models with a Quantitative Explanatory Variable,"On the surface, everything structural wise looks similar comparing the two GLM notations. The difference is the meaning behind Xi for both groups.",What is different in the GLM notation for these two models? What is similar?
291,Chapter 9 - Models with a Quantitative Explanatory Variable,They represent different ways to get the same result.,What is different in the GLM notation for these two models? What is similar?
292,Chapter 9 - Models with a Quantitative Explanatory Variable,"They use the same GLM notation model, but the explanatory variable is different.",What is different in the GLM notation for these two models? What is similar?
293,Chapter 9 - Models with a Quantitative Explanatory Variable,"They both use the same GLM structure and try to explain variation in the set. Both have an intercept, coefficient, and error. What is different is that in the height2model, the predictions are about the same for every group, but in the height model, the predictions keep changing.",What is different in the GLM notation for these two models? What is similar?
294,Chapter 9 - Models with a Quantitative Explanatory Variable,coding the groups as 0 and 1 would make the coefficients easier to interpret because the intercept becomes the mean of 0 group and the slope becomes the difference between groups. the models prediction wouldnt change,What do you think would happen if we coded the <code>GenderNum</code> groups 0 and 1 instead of 1 and 2? Why?
295,Chapter 9 - Models with a Quantitative Explanatory Variable,using 1 and 2 to could lead to an error.,What do you think would happen if we coded the <code>GenderNum</code> groups 0 and 1 instead of 1 and 2? Why?
296,Chapter 9 - Models with a Quantitative Explanatory Variable,uhhh,What do you think would happen if we coded the <code>GenderNum</code> groups 0 and 1 instead of 1 and 2? Why?
297,Chapter 9 - Models with a Quantitative Explanatory Variable,"The data would be invalid because if we coded groups 0, the computer will read the data as 0",What do you think would happen if we coded the <code>GenderNum</code> groups 0 and 1 instead of 1 and 2? Why?
298,Chapter 9 - Models with a Quantitative Explanatory Variable,"If we coded the groups 0 and 1 instead of 1 and 2, the intercept of the model would change, but the slope would stay the same. Specifically, the intercept would now represent the predicted mean thumb length for the group coded as 0. This makes the model easier to interpret because the intercept becomes a meaningful value rather than just a mathematical constant.",What do you think would happen if we coded the <code>GenderNum</code> groups 0 and 1 instead of 1 and 2? Why?
299,Chapter 9 - Models with a Quantitative Explanatory Variable,regression line would start lower,What do you think would happen if we coded the <code>GenderNum</code> groups 0 and 1 instead of 1 and 2? Why?
300,Chapter 9 - Models with a Quantitative Explanatory Variable,"Changing from (1,2) to  (0,1) just shifts the reference point, making the intercept more interpretable, but it doesn’t change the actual model fit or conclusions",What do you think would happen if we coded the <code>GenderNum</code> groups 0 and 1 instead of 1 and 2? Why?
301,Chapter 9 - Models with a Quantitative Explanatory Variable,"It would make the intercept in a regression line model represent the mean of the group coded 0, rather than a meaningless predicted value.",What do you think would happen if we coded the <code>GenderNum</code> groups 0 and 1 instead of 1 and 2? Why?
302,Chapter 9 - Models with a Quantitative Explanatory Variable,"The stats would be much different and lower, since it would calculate many of the groups at 0.",What do you think would happen if we coded the <code>GenderNum</code> groups 0 and 1 instead of 1 and 2? Why?
303,Chapter 9 - Models with a Quantitative Explanatory Variable,"It would create another set and variable for X being 2. This will also change the values set on X1, while both data would have the same b0.",What do you think would happen if we coded the <code>GenderNum</code> groups 0 and 1 instead of 1 and 2? Why?
304,Chapter 9 - Models with a Quantitative Explanatory Variable,What would happen is that the intercept would change.,What do you think would happen if we coded the <code>GenderNum</code> groups 0 and 1 instead of 1 and 2? Why?
305,Chapter 9 - Models with a Quantitative Explanatory Variable,It would yield highly different results.,What do you think would happen if we coded the <code>GenderNum</code> groups 0 and 1 instead of 1 and 2? Why?
306,Chapter 9 - Models with a Quantitative Explanatory Variable,"
 (binary dummy coding) primarily changes the interpretation of regression intercepts and coefficients rather than model performance.",What do you think would happen if we coded the <code>GenderNum</code> groups 0 and 1 instead of 1 and 2? Why?
307,Chapter 9 - Models with a Quantitative Explanatory Variable,Using 1 and 2 could lead to a mistake,What do you think would happen if we coded the <code>GenderNum</code> groups 0 and 1 instead of 1 and 2? Why?
308,Chapter 9 - Models with a Quantitative Explanatory Variable,An accidental regression model happens.,What do you think would happen if we coded the <code>GenderNum</code> groups 0 and 1 instead of 1 and 2? Why?
309,Chapter 9 - Models with a Quantitative Explanatory Variable,"If the groups were coded 0 and 1 instead of 1 and 2, the results would still mean the same thing and the predictions would stay the same. The main change would be the intercept, because it would now start with the group coded as 0. The difference between the two groups would still be the same.",What do you think would happen if we coded the <code>GenderNum</code> groups 0 and 1 instead of 1 and 2? Why?
310,Chapter 9 - Models with a Quantitative Explanatory Variable,The intercept would have a different starting point.,What do you think would happen if we coded the <code>GenderNum</code> groups 0 and 1 instead of 1 and 2? Why?
311,Chapter 9 - Models with a Quantitative Explanatory Variable,i think that if we did that it would still stay the same. the only thing that would change is the intercept.,What do you think would happen if we coded the <code>GenderNum</code> groups 0 and 1 instead of 1 and 2? Why?
312,Chapter 9 - Models with a Quantitative Explanatory Variable,the standardizing does not change how well the model explains variation,Notice that the PRE statistic for the <code>Height_model</code> and the <code>zHeight_model</code> are identical. Why do you think this is?
313,Chapter 9 - Models with a Quantitative Explanatory Variable,"They are identical because all we have changed is the unit in which we measure the outcome and explanatory variables. The z-transformation does not change the shape of the bivariate distribution, as represented in the scatter plot, at all. It simply changes the scale on both axes to standard deviations instead of inches and millimeters.

",Notice that the PRE statistic for the <code>Height_model</code> and the <code>zHeight_model</code> are identical. Why do you think this is?
314,Chapter 9 - Models with a Quantitative Explanatory Variable,"standardizing a variable is a linear transformation that doesnt change an underlying relationship, shape or the fit of the model",Notice that the PRE statistic for the <code>Height_model</code> and the <code>zHeight_model</code> are identical. Why do you think this is?
315,Chapter 9 - Models with a Quantitative Explanatory Variable,both models could be rejected,Notice that the PRE statistic for the <code>Height_model</code> and the <code>zHeight_model</code> are identical. Why do you think this is?
316,Chapter 9 - Models with a Quantitative Explanatory Variable,"The PRE (Proportional Reduction in Error) is identical because it represents a proportion, which is independent of the scale of measurement.",Notice that the PRE statistic for the <code>Height_model</code> and the <code>zHeight_model</code> are identical. Why do you think this is?
317,Chapter 9 - Models with a Quantitative Explanatory Variable,Because the z-transformation is a linear transformation that changes the scale of the variables but not the underlying relationship between them.,Notice that the PRE statistic for the <code>Height_model</code> and the <code>zHeight_model</code> are identical. Why do you think this is?
318,Chapter 9 - Models with a Quantitative Explanatory Variable,The Proportion of Reduction in Error (PRE) is identical for both the Height_model and zHeight_model because z-score transformation is a linear transformation that does not change the shape of the bivariate distribution.,Notice that the PRE statistic for the <code>Height_model</code> and the <code>zHeight_model</code> are identical. Why do you think this is?
319,Chapter 9 - Models with a Quantitative Explanatory Variable,Standardizing the variables does not change the proportion of variation explained.,Notice that the PRE statistic for the <code>Height_model</code> and the <code>zHeight_model</code> are identical. Why do you think this is?
320,Chapter 9 - Models with a Quantitative Explanatory Variable,"They are the same because they are using the same data, but one is using different measurements, that's all.",Notice that the PRE statistic for the <code>Height_model</code> and the <code>zHeight_model</code> are identical. Why do you think this is?
321,Chapter 9 - Models with a Quantitative Explanatory Variable,They are both the same model but presented with different values,Notice that the PRE statistic for the <code>Height_model</code> and the <code>zHeight_model</code> are identical. Why do you think this is?
322,Chapter 9 - Models with a Quantitative Explanatory Variable,"takes same data, range is just different",Notice that the PRE statistic for the <code>Height_model</code> and the <code>zHeight_model</code> are identical. Why do you think this is?
323,Chapter 9 - Models with a Quantitative Explanatory Variable,"Standardizing a variable is a linear transformation that does not change the underlying relationship, shape, or fit of the model",Notice that the PRE statistic for the <code>Height_model</code> and the <code>zHeight_model</code> are identical. Why do you think this is?
324,Chapter 9 - Models with a Quantitative Explanatory Variable,"The PRE is the same because standardizing only changes the scale, not the relationship between the variables.",Notice that the PRE statistic for the <code>Height_model</code> and the <code>zHeight_model</code> are identical. Why do you think this is?
325,Chapter 9 - Models with a Quantitative Explanatory Variable,Same underlying model within the General Linear Model (GLM) framework.,Notice that the PRE statistic for the <code>Height_model</code> and the <code>zHeight_model</code> are identical. Why do you think this is?
326,Chapter 9 - Models with a Quantitative Explanatory Variable,it isnt changing the relationship. it is only changing the categories units. So variation doesnt change.,Notice that the PRE statistic for the <code>Height_model</code> and the <code>zHeight_model</code> are identical. Why do you think this is?
327,Chapter 9 - Models with a Quantitative Explanatory Variable,The fit of the models (measured with PRE and F) is identical because all we have changed is the unit in which we measure the outcome and explanatory variables.,Notice that the PRE statistic for the <code>Height_model</code> and the <code>zHeight_model</code> are identical. Why do you think this is?
328,Chapter 9 - Models with a Quantitative Explanatory Variable,They both have the same prediction error reduced.,Notice that the PRE statistic for the <code>Height_model</code> and the <code>zHeight_model</code> are identical. Why do you think this is?
329,Chapter 9 - Models with a Quantitative Explanatory Variable,It is a coincidence.,Notice that the PRE statistic for the <code>Height_model</code> and the <code>zHeight_model</code> are identical. Why do you think this is?
330,Chapter 5 - A Simple Model,"Based on what has been learned about notation, I think that this variable may represent the prediction.","Based on what you have learned about notation so far, what do you think the&nbsp;\(b_0\)&nbsp;might represent in the equation above?"
331,Chapter 5 - A Simple Model,Maybe for the mean?,"Based on what you have learned about notation so far, what do you think the&nbsp;\(b_0\)&nbsp;might represent in the equation above?"
332,Chapter 5 - A Simple Model,The mean of Y,"Based on what you have learned about notation so far, what do you think the&nbsp;\(b_0\)&nbsp;might represent in the equation above?"
333,Chapter 5 - A Simple Model,.,"Based on what you have learned about notation so far, what do you think the&nbsp;\(b_0\)&nbsp;might represent in the equation above?"
334,Chapter 5 - A Simple Model,x,"Based on what you have learned about notation so far, what do you think the&nbsp;\(b_0\)&nbsp;might represent in the equation above?"
335,Chapter 5 - A Simple Model,"The 𝑖i represents a specific observation (or individual) in the dataset. So 𝑌𝑖 Yi means the value of the outcome variable for person 𝑖 i (for example, the thumb length of student i). In other words, 𝑖 just labels each observation from 1 up to 𝑛 n in the sample.","Based on what you have learned about notation so far, what do you think the&nbsp;\(b_0\)&nbsp;might represent in the equation above?"
336,Chapter 5 - A Simple Model,"n the General Linear Model notation for an empty model, β0​ represents the predicted value (the model), which in this case is the mean of the distribution.","Based on what you have learned about notation so far, what do you think the&nbsp;\(b_0\)&nbsp;might represent in the equation above?"
337,Chapter 5 - A Simple Model,I assume bo might represent the prediction variable in the equation above,"Based on what you have learned about notation so far, what do you think the&nbsp;\(b_0\)&nbsp;might represent in the equation above?"
338,Chapter 5 - A Simple Model,"represents the intercept, which in the empty model is the mean of the outcome variable.","Based on what you have learned about notation so far, what do you think the&nbsp;\(b_0\)&nbsp;might represent in the equation above?"
339,Chapter 5 - A Simple Model,I think it represents the mean,"Based on what you have learned about notation so far, what do you think the&nbsp;\(b_0\)&nbsp;might represent in the equation above?"
340,Chapter 5 - A Simple Model,b0 represents the mean.,"Based on what you have learned about notation so far, what do you think the&nbsp;\(b_0\)&nbsp;might represent in the equation above?"
341,Chapter 5 - A Simple Model,It might represent the mean.,"Based on what you have learned about notation so far, what do you think the&nbsp;\(b_0\)&nbsp;might represent in the equation above?"
342,Chapter 5 - A Simple Model,B could represent the model,"Based on what you have learned about notation so far, what do you think the&nbsp;\(b_0\)&nbsp;might represent in the equation above?"
343,Chapter 6 - Quantifying Error,"To know if 37,000 points is a good score, you would need to know the mean score to see if it's above average and the standard deviation to determine how many ""typical"" distances away from the average that score actually falls.","Say you have a video game called Kargle. A friend of yours says that their high score is 37,000 points. Is that a good score? How do you know?&nbsp; What else would you want to know to answer this question?"
344,Chapter 6 - Quantifying Error,Just from the score it isnt good or bad. we still need to know the average score and how spread out the scores are.,"Say you have a video game called Kargle. A friend of yours says that their high score is 37,000 points. Is that a good score? How do you know?&nbsp; What else would you want to know to answer this question?"
345,Chapter 6 - Quantifying Error,I would need to know the mean and the SD to be able to estimate if the friends score is an overall good score,"Say you have a video game called Kargle. A friend of yours says that their high score is 37,000 points. Is that a good score? How do you know?&nbsp; What else would you want to know to answer this question?"
346,Chapter 6 - Quantifying Error,"You would have to see a comparison other scores. I would want to know how one gets points, what other peoples average scores are, and how difficult the game is rated.","Say you have a video game called Kargle. A friend of yours says that their high score is 37,000 points. Is that a good score? How do you know?&nbsp; What else would you want to know to answer this question?"
347,Chapter 6 - Quantifying Error,"To know whether 37,000 is a good score, I would need to know the average score and the standard deviation of scores. Knowing the distribution would tell me how far 37,000 is from typical performance and whether it is truly impressive or fairly ordinary.","Say you have a video game called Kargle. A friend of yours says that their high score is 37,000 points. Is that a good score? How do you know?&nbsp; What else would you want to know to answer this question?"
348,Chapter 6 - Quantifying Error,Id need to know the standard deviation becasue that would tell me if going above the average is normal or not,"Say you have a video game called Kargle. A friend of yours says that their high score is 37,000 points. Is that a good score? How do you know?&nbsp; What else would you want to know to answer this question?"
349,Chapter 6 - Quantifying Error,"I would need to know the mean and the standard deviation of scores to compare to see if 37,000 is considered a good score.","Say you have a video game called Kargle. A friend of yours says that their high score is 37,000 points. Is that a good score? How do you know?&nbsp; What else would you want to know to answer this question?"
350,Chapter 6 - Quantifying Error,"In order to know if that's a good score, we need to know both the mean and the standard deviation.","Say you have a video game called Kargle. A friend of yours says that their high score is 37,000 points. Is that a good score? How do you know?&nbsp; What else would you want to know to answer this question?"
351,Chapter 6 - Quantifying Error,It could be a good score as it's a fairly score but we need data to look into it further to prove it.,"Say you have a video game called Kargle. A friend of yours says that their high score is 37,000 points. Is that a good score? How do you know?&nbsp; What else would you want to know to answer this question?"
352,Chapter 6 - Quantifying Error,"We do not know if it is a good score, because we do not have any other data to judge with it. We need to know the mean and the standard deviation of scores in a distribution.","Say you have a video game called Kargle. A friend of yours says that their high score is 37,000 points. Is that a good score? How do you know?&nbsp; What else would you want to know to answer this question?"
353,Chapter 6 - Quantifying Error,"#The standard deviation
#The average mean","Say you have a video game called Kargle. A friend of yours says that their high score is 37,000 points. Is that a good score? How do you know?&nbsp; What else would you want to know to answer this question?"
354,Chapter 6 - Quantifying Error,compare the score to the mean using standard deviation,"Say you have a video game called Kargle. A friend of yours says that their high score is 37,000 points. Is that a good score? How do you know?&nbsp; What else would you want to know to answer this question?"
355,Chapter 6 - Quantifying Error,You don't truly know if it is even a good score because you don't have anything in relation to compare it to.,"Say you have a video game called Kargle. A friend of yours says that their high score is 37,000 points. Is that a good score? How do you know?&nbsp; What else would you want to know to answer this question?"
356,Chapter 6 - Quantifying Error,We can't tell. We would need to know the mean and standard deviation of all players' scores.,"Say you have a video game called Kargle. A friend of yours says that their high score is 37,000 points. Is that a good score? How do you know?&nbsp; What else would you want to know to answer this question?"
357,Chapter 6 - Quantifying Error,"Both scores are above the mean, but without knowing the spread we can't tell how unusual they are.","What is similar about 37,000 points in the Kargle situation and 65.1 mm in the <code>Thumb</code> situation?"
358,Chapter 6 - Quantifying Error,They are both above average in their respectable means and are of considerable distance from the mean.,"What is similar about 37,000 points in the Kargle situation and 65.1 mm in the <code>Thumb</code> situation?"
359,Chapter 6 - Quantifying Error,"Both values represent a raw score that is slightly above the mean, but they lack a Standard Deviation to act as a ""ruler"" for determining how extreme or impressive that distance actually is relative to the rest of the distribution.
","What is similar about 37,000 points in the Kargle situation and 65.1 mm in the <code>Thumb</code> situation?"
360,Chapter 6 - Quantifying Error,They only give us a single value no other information is given,"What is similar about 37,000 points in the Kargle situation and 65.1 mm in the <code>Thumb</code> situation?"
361,Chapter 6 - Quantifying Error,"Both 37,000 and 65.1 mm are individual scores above the mean, but by themselves they don’t tell us how unusual the value is compared to the rest of the distribution.","What is similar about 37,000 points in the Kargle situation and 65.1 mm in the <code>Thumb</code> situation?"
362,Chapter 6 - Quantifying Error,"#Both individual scores above the mean, and we want to know how far above average they are compared to the spread data.","What is similar about 37,000 points in the Kargle situation and 65.1 mm in the <code>Thumb</code> situation?"
363,Chapter 6 - Quantifying Error,"They are both just numbers until you place them in context relative to other values.
","What is similar about 37,000 points in the Kargle situation and 65.1 mm in the <code>Thumb</code> situation?"
364,Chapter 6 - Quantifying Error,The individual scores are above the mean but not if this is normal or not,"What is similar about 37,000 points in the Kargle situation and 65.1 mm in the <code>Thumb</code> situation?"
365,Chapter 6 - Quantifying Error,It is above the mean but it is uncertain to know by how much.,"What is similar about 37,000 points in the Kargle situation and 65.1 mm in the <code>Thumb</code> situation?"
366,Chapter 6 - Quantifying Error,"Both 37,000 points and 65.1 mm are single observations that lack meaning without context. To interpret them, we need the mean and standard deviation of their distributions. Their importance depends on how far they are from average relative to overall variability.","What is similar about 37,000 points in the Kargle situation and 65.1 mm in the <code>Thumb</code> situation?"
367,Chapter 6 - Quantifying Error,Both have a fairly higher number compared to the mean.,"What is similar about 37,000 points in the Kargle situation and 65.1 mm in the <code>Thumb</code> situation?"
368,Chapter 6 - Quantifying Error,Both of them seem to be above the mean.,"What is similar about 37,000 points in the Kargle situation and 65.1 mm in the <code>Thumb</code> situation?"
369,Chapter 6 - Quantifying Error,"They are both above the average, but it is not instantly clear how far above the average it is until we use the standard deviation for reference.","What is similar about 37,000 points in the Kargle situation and 65.1 mm in the <code>Thumb</code> situation?"
370,Chapter 6 - Quantifying Error,"Knowing the mean helps because now we know that the score is above average, but we still need more than that to know if the score is a good one","What is similar about 37,000 points in the Kargle situation and 65.1 mm in the <code>Thumb</code> situation?"
371,Chapter 6 - Quantifying Error,A z score of 2 is more impressive because of the two it's the one that's further above the mean,"Now compare the two z<em>&nbsp;</em>scores (2 vs. 0.4). Which is more impressive, a player with a&nbsp;z&nbsp;score of 2 or one with a&nbsp;z&nbsp;score of 0.4? Why?"
372,Chapter 6 - Quantifying Error,"Any score that is relatively higher than the mean is better; 2 is higher than 0.4, so it would be considered better.","Now compare the two z<em>&nbsp;</em>scores (2 vs. 0.4). Which is more impressive, a player with a&nbsp;z&nbsp;score of 2 or one with a&nbsp;z&nbsp;score of 0.4? Why?"
373,Chapter 6 - Quantifying Error,2 standard deviation will always be impressive due to it being harder to score 2 standard deviations above the mean than to score 0.4 standard deviation above the mean.,"Now compare the two z<em>&nbsp;</em>scores (2 vs. 0.4). Which is more impressive, a player with a&nbsp;z&nbsp;score of 2 or one with a&nbsp;z&nbsp;score of 0.4? Why?"
374,Chapter 6 - Quantifying Error,Z = 2 is more impressive because it is much farther above the mean.,"Now compare the two z<em>&nbsp;</em>scores (2 vs. 0.4). Which is more impressive, a player with a&nbsp;z&nbsp;score of 2 or one with a&nbsp;z&nbsp;score of 0.4? Why?"
375,Chapter 6 - Quantifying Error,A score of 2 because it is 2 standard deviations above the mean.,"Now compare the two z<em>&nbsp;</em>scores (2 vs. 0.4). Which is more impressive, a player with a&nbsp;z&nbsp;score of 2 or one with a&nbsp;z&nbsp;score of 0.4? Why?"
376,Chapter 6 - Quantifying Error,"A z score of 2 is more impressive because it is two standard deviations above the mean, placing the score far into the upper tail. A z of 0.4 is only slightly above average.","Now compare the two z<em>&nbsp;</em>scores (2 vs. 0.4). Which is more impressive, a player with a&nbsp;z&nbsp;score of 2 or one with a&nbsp;z&nbsp;score of 0.4? Why?"
377,Chapter 6 - Quantifying Error,The player with a z score of 2 is more impressive because it is further above the mean than 0.4.,"Now compare the two z<em>&nbsp;</em>scores (2 vs. 0.4). Which is more impressive, a player with a&nbsp;z&nbsp;score of 2 or one with a&nbsp;z&nbsp;score of 0.4? Why?"
378,Chapter 6 - Quantifying Error,I would assume 2 is more impressive as its 2 units above the mean vs .4 being below the mean,"Now compare the two z<em>&nbsp;</em>scores (2 vs. 0.4). Which is more impressive, a player with a&nbsp;z&nbsp;score of 2 or one with a&nbsp;z&nbsp;score of 0.4? Why?"
379,Chapter 6 - Quantifying Error,being more above the standard deviation is more impressive becasue they score higher,"Now compare the two z<em>&nbsp;</em>scores (2 vs. 0.4). Which is more impressive, a player with a&nbsp;z&nbsp;score of 2 or one with a&nbsp;z&nbsp;score of 0.4? Why?"
380,Chapter 6 - Quantifying Error,"A player with a z-score of 2 is more impressive. 2 means the score is 2 standard deviations above the mean, which is far from the average and relatively rare.
 0.4 means the score is only 0.4 standard deviations above the mean, which is close to average.","Now compare the two z<em>&nbsp;</em>scores (2 vs. 0.4). Which is more impressive, a player with a&nbsp;z&nbsp;score of 2 or one with a&nbsp;z&nbsp;score of 0.4? Why?"
381,Chapter 6 - Quantifying Error,z,"Now compare the two z<em>&nbsp;</em>scores (2 vs. 0.4). Which is more impressive, a player with a&nbsp;z&nbsp;score of 2 or one with a&nbsp;z&nbsp;score of 0.4? Why?"
382,Chapter 6 - Quantifying Error,Player 2 is more impressive as they are closer the average,"Now compare the two z<em>&nbsp;</em>scores (2 vs. 0.4). Which is more impressive, a player with a&nbsp;z&nbsp;score of 2 or one with a&nbsp;z&nbsp;score of 0.4? Why?"
383,Chapter 6 - Quantifying Error,"the player with z = 2 is much farther above the average compared to others, making it more unusual and impressive.","Now compare the two z<em>&nbsp;</em>scores (2 vs. 0.4). Which is more impressive, a player with a&nbsp;z&nbsp;score of 2 or one with a&nbsp;z&nbsp;score of 0.4? Why?"
384,Chapter 7 - Adding an Explanatory Variable to the Model,yes its medel gives a predicte value and there is a residueal,Take a look at the output above. Is it still true that <strong>DATA = MODEL + ERROR</strong>? Explain how you can tell from the output?
385,Chapter 7 - Adding an Explanatory Variable to the Model,No because these were predictions,Take a look at the output above. Is it still true that <strong>DATA = MODEL + ERROR</strong>? Explain how you can tell from the output?
386,Chapter 7 - Adding an Explanatory Variable to the Model,"Yes, because we can see that the thumb value is equal to the model plus the error.",Take a look at the output above. Is it still true that <strong>DATA = MODEL + ERROR</strong>? Explain how you can tell from the output?
387,Chapter 7 - Adding an Explanatory Variable to the Model,"Yes, it is still true because it holds for the Gender model, just like it did for the empty model",Take a look at the output above. Is it still true that <strong>DATA = MODEL + ERROR</strong>? Explain how you can tell from the output?
388,Chapter 7 - Adding an Explanatory Variable to the Model,Based on the outputs we can see that some values do not match the model + error formula,Take a look at the output above. Is it still true that <strong>DATA = MODEL + ERROR</strong>? Explain how you can tell from the output?
389,Chapter 7 - Adding an Explanatory Variable to the Model,"Yes it is still true. For example for row 1, the model (58.25585) plus the error (5.744152) equals the data (64). This works for every row in the table.",Take a look at the output above. Is it still true that <strong>DATA = MODEL + ERROR</strong>? Explain how you can tell from the output?
390,Chapter 7 - Adding an Explanatory Variable to the Model,"A good model should have small error measures in both the estimation and validation periods, compared to other models",Take a look at the output above. Is it still true that <strong>DATA = MODEL + ERROR</strong>? Explain how you can tell from the output?
391,Chapter 7 - Adding an Explanatory Variable to the Model,yes,Take a look at the output above. Is it still true that <strong>DATA = MODEL + ERROR</strong>? Explain how you can tell from the output?
392,Chapter 7 - Adding an Explanatory Variable to the Model,H,Take a look at the output above. Is it still true that <strong>DATA = MODEL + ERROR</strong>? Explain how you can tell from the output?
393,Chapter 7 - Adding an Explanatory Variable to the Model,"yes,You can tell because if you add Gender_predict and Gender_resid for any row in the table, you get the exact value in the Thumb column.
",Take a look at the output above. Is it still true that <strong>DATA = MODEL + ERROR</strong>? Explain how you can tell from the output?
394,Chapter 7 - Adding an Explanatory Variable to the Model,"Yes, it’s still true. Each student’s thumb length equals the predicted value from the model plus the residual (error). The output shows this decomposition for every observation, confirming that observed data always equals model prediction plus error.",Take a look at the output above. Is it still true that <strong>DATA = MODEL + ERROR</strong>? Explain how you can tell from the output?
395,Chapter 7 - Adding an Explanatory Variable to the Model,"Yes, it's still true because each row does of the thumb length is the predicted value plus the residual.",Take a look at the output above. Is it still true that <strong>DATA = MODEL + ERROR</strong>? Explain how you can tell from the output?
396,Chapter 7 - Adding an Explanatory Variable to the Model,The output provides the model predictions and the residuals for each student. so you will get back to their original actual thumb length.,Take a look at the output above. Is it still true that <strong>DATA = MODEL + ERROR</strong>? Explain how you can tell from the output?
397,Chapter 7 - Adding an Explanatory Variable to the Model,"Yes, this is still true, as the addition of the residuals and prediction (model) for each case still adds up to the original data for the variable Thumb.",Take a look at the output above. Is it still true that <strong>DATA = MODEL + ERROR</strong>? Explain how you can tell from the output?
398,Chapter 7 - Adding an Explanatory Variable to the Model,Because for each of the rows in the output if we put in the Gender_predict and the Gender_resid then wed get the same value in the Thumb.,Take a look at the output above. Is it still true that <strong>DATA = MODEL + ERROR</strong>? Explain how you can tell from the output?
399,Chapter 7 - Adding an Explanatory Variable to the Model,Yes because the math does add up to the final results.,Take a look at the output above. Is it still true that <strong>DATA = MODEL + ERROR</strong>? Explain how you can tell from the output?
400,Chapter 7 - Adding an Explanatory Variable to the Model,"#Yes. DATA = MODEL + ERROR is still true. 
#In the output, Thumb (DATA) equals Gender_predict (MODEL) plus Gender_resid (ERROR). 
#For each student, the predicted value plus the residual equals the actual thumb length.",Take a look at the output above. Is it still true that <strong>DATA = MODEL + ERROR</strong>? Explain how you can tell from the output?
401,Chapter 9 - Models with a Quantitative Explanatory Variable,Xi is different,What is different in the GLM notation for these two models? What is similar?
402,Chapter 9 - Models with a Quantitative Explanatory Variable,"what is different is the height model x is a number 
both have b0, b1, and error e",What is different in the GLM notation for these two models? What is similar?
403,Chapter 9 - Models with a Quantitative Explanatory Variable,"same structure, but group means vs. a continuous linear relationship.",What is different in the GLM notation for these two models? What is similar?
404,Chapter 9 - Models with a Quantitative Explanatory Variable,n,What is different in the GLM notation for these two models? What is similar?
405,Chapter 9 - Models with a Quantitative Explanatory Variable,"It's the same structure, but group means vs. a continuous linear relationship.",What is different in the GLM notation for these two models? What is similar?
406,Chapter 9 - Models with a Quantitative Explanatory Variable,"The model remains the same for both; the only difference is that Xi is a continuous variable for Height. In contrast, the Xi for Height2group is a categorical variable.",What is different in the GLM notation for these two models? What is similar?
407,Chapter 9 - Models with a Quantitative Explanatory Variable,Both use a dependent variable predicted by an explanatory variable and share the same linear structure,What is different in the GLM notation for these two models? What is similar?
408,Chapter 9 - Models with a Quantitative Explanatory Variable,#This demonstrates that the General Linear Model provides a universal framework for both group comparisons and regression.,What is different in the GLM notation for these two models? What is similar?
409,Chapter 9 - Models with a Quantitative Explanatory Variable,"The first model explains one model , while the second model explains two models",What is different in the GLM notation for these two models? What is similar?
410,Chapter 9 - Models with a Quantitative Explanatory Variable,"Different: predictor type, slope versus group indicators. Similar: same outcome, linear structure, additive error, estimated with lm(), modeling Thumb as function of explanatory variable.",What is different in the GLM notation for these two models? What is similar?
411,Chapter 9 - Models with a Quantitative Explanatory Variable,Both models use the same general form but in height model xi is a quantitative variable.,What is different in the GLM notation for these two models? What is similar?
412,Chapter 9 - Models with a Quantitative Explanatory Variable,One is used for single quantitative explanatory variables while the other is used for two-group models while also sharing a very similar approach.,What is different in the GLM notation for these two models? What is similar?
413,Chapter 9 - Models with a Quantitative Explanatory Variable,Notation is identical but the interpretation is different.,What is different in the GLM notation for these two models? What is similar?
414,Chapter 9 - Models with a Quantitative Explanatory Variable,"There is no apparent difference in the notation for these two models, as the equation remains exactly the same.",What is different in the GLM notation for these two models? What is similar?
415,Chapter 9 - Models with a Quantitative Explanatory Variable,I'm actually not sure,What is different in the GLM notation for these two models? What is similar?
416,Chapter 9 - Models with a Quantitative Explanatory Variable,Both seem to be the same GLM notation,What is different in the GLM notation for these two models? What is similar?
417,Chapter 9 - Models with a Quantitative Explanatory Variable,"Both use means to generate predictions; the empty model uses the grand mean, while the two-group model uses the mean of each specific group.Both include an error term, which represents the residual or the distance between the actual data point and the model's prediction.",What is different in the GLM notation for these two models? What is similar?
418,Chapter 9 - Models with a Quantitative Explanatory Variable,the intercept becomes the mean of the group coded as 0,What do you think would happen if we coded the <code>GenderNum</code> groups 0 and 1 instead of 1 and 2? Why?
419,Chapter 9 - Models with a Quantitative Explanatory Variable,"4:54 PMb1 stays the same but b0 would now match the Gender model since 0 would represent females, just like the dummy coding in the Gender model.",What do you think would happen if we coded the <code>GenderNum</code> groups 0 and 1 instead of 1 and 2? Why?
420,Chapter 9 - Models with a Quantitative Explanatory Variable,"The slope (difference between groups) would stay the same, but the intercept would change.

With 0/1 coding, the intercept becomes the mean thumb length of the group coded 0. That happens because when X=0, the prediction equals the intercept, so it directly represents that group’s average.",What do you think would happen if we coded the <code>GenderNum</code> groups 0 and 1 instead of 1 and 2? Why?
421,Chapter 9 - Models with a Quantitative Explanatory Variable,The regression line would be adjusted,What do you think would happen if we coded the <code>GenderNum</code> groups 0 and 1 instead of 1 and 2? Why?
422,Chapter 9 - Models with a Quantitative Explanatory Variable,It would just be 0 and 1 rather than 1 and 2 because of the way with how they would be categorized when it comes to R.,What do you think would happen if we coded the <code>GenderNum</code> groups 0 and 1 instead of 1 and 2? Why?
423,Chapter 9 - Models with a Quantitative Explanatory Variable,"#If we coded the groups as 0 and 1, the intercept B_0 would change to 58.26, which is the mean of the group coded as 0. However, the slope B_1 would remain 6.45 because the difference between the two groups is still a ""1-unit change"" in the GenderNum variable. This makes the model much easier to interpret because the intercept actually represents a real group mean rather than a theoretical value at 0.",What do you think would happen if we coded the <code>GenderNum</code> groups 0 and 1 instead of 1 and 2? Why?
424,Chapter 9 - Models with a Quantitative Explanatory Variable,simplifies statistical analysis,What do you think would happen if we coded the <code>GenderNum</code> groups 0 and 1 instead of 1 and 2? Why?
425,Chapter 9 - Models with a Quantitative Explanatory Variable,"If GenderNum were coded as 0 and 1, the intercept would represent the mean thumb length of the group coded as 0. The model would then be seen as the categorical Gender model.",What do you think would happen if we coded the <code>GenderNum</code> groups 0 and 1 instead of 1 and 2? Why?
426,Chapter 9 - Models with a Quantitative Explanatory Variable,"If you coded GenderNum as 0 and 1 instead of 1 and 2, the model would actually line up.",What do you think would happen if we coded the <code>GenderNum</code> groups 0 and 1 instead of 1 and 2? Why?
427,Chapter 9 - Models with a Quantitative Explanatory Variable,cc,What do you think would happen if we coded the <code>GenderNum</code> groups 0 and 1 instead of 1 and 2? Why?
428,Chapter 9 - Models with a Quantitative Explanatory Variable,The intercept becomes the mean of the group coded as 0,What do you think would happen if we coded the <code>GenderNum</code> groups 0 and 1 instead of 1 and 2? Why?
429,Chapter 9 - Models with a Quantitative Explanatory Variable,"In statistics and data analysis, switching from a 1 and 2 coding scheme to 0 and 1 (often called ""dummy coding"") typically changes the interpretation of your results rather than the underlying mathematical relationship.",What do you think would happen if we coded the <code>GenderNum</code> groups 0 and 1 instead of 1 and 2? Why?
430,Chapter 9 - Models with a Quantitative Explanatory Variable,I would assume the reference points are what changes but I'm not entirely sure,What do you think would happen if we coded the <code>GenderNum</code> groups 0 and 1 instead of 1 and 2? Why?
431,Chapter 9 - Models with a Quantitative Explanatory Variable,The regression line would shift to groups 0 and 1 with the same slope because the variable is still quantitative instead of categorical.,What do you think would happen if we coded the <code>GenderNum</code> groups 0 and 1 instead of 1 and 2? Why?
432,Chapter 9 - Models with a Quantitative Explanatory Variable,Id assume we would still have the same visual graph.,What do you think would happen if we coded the <code>GenderNum</code> groups 0 and 1 instead of 1 and 2? Why?
433,Chapter 9 - Models with a Quantitative Explanatory Variable,Theu would become identical because the intercept is basically the predicted value when x is zero.,What do you think would happen if we coded the <code>GenderNum</code> groups 0 and 1 instead of 1 and 2? Why?
434,Chapter 9 - Models with a Quantitative Explanatory Variable,PRE is the proportion of var explained not the raw amount. Standarizing rescales the variables but does not change the underlying relatioship between them. So the propportion explained stays the sam.,Notice that the PRE statistic for the <code>Height_model</code> and the <code>zHeight_model</code> are identical. Why do you think this is?
435,Chapter 9 - Models with a Quantitative Explanatory Variable,that means they explain the same amount of variation,Notice that the PRE statistic for the <code>Height_model</code> and the <code>zHeight_model</code> are identical. Why do you think this is?
436,Chapter 9 - Models with a Quantitative Explanatory Variable,"zHeight only rescales the variable; it doesnt change the correlation, so the PRE stays the same.",Notice that the PRE statistic for the <code>Height_model</code> and the <code>zHeight_model</code> are identical. Why do you think this is?
437,Chapter 9 - Models with a Quantitative Explanatory Variable,bb,Notice that the PRE statistic for the <code>Height_model</code> and the <code>zHeight_model</code> are identical. Why do you think this is?
438,Chapter 9 - Models with a Quantitative Explanatory Variable,"They are the same, this may be because we are looking into basically same inputs besides the x axis measurement",Notice that the PRE statistic for the <code>Height_model</code> and the <code>zHeight_model</code> are identical. Why do you think this is?
439,Chapter 9 - Models with a Quantitative Explanatory Variable,"PRE is the proportion of variation explained, not the raw amount. Standardizing (converting to z-scores) rescales the variables but does not change the underlying relationship between them. So the proportion explained stays the same, even though the units change.",Notice that the PRE statistic for the <code>Height_model</code> and the <code>zHeight_model</code> are identical. Why do you think this is?
440,Chapter 9 - Models with a Quantitative Explanatory Variable,"Z-transformation only changes the scale, not the shape of the relationship",Notice that the PRE statistic for the <code>Height_model</code> and the <code>zHeight_model</code> are identical. Why do you think this is?
441,Chapter 9 - Models with a Quantitative Explanatory Variable,"Because standardizing doesn’t change the relationship between the variables, it simply changes the scale.",Notice that the PRE statistic for the <code>Height_model</code> and the <code>zHeight_model</code> are identical. Why do you think this is?
442,Chapter 9 - Models with a Quantitative Explanatory Variable,They share the same data.,Notice that the PRE statistic for the <code>Height_model</code> and the <code>zHeight_model</code> are identical. Why do you think this is?
443,Chapter 9 - Models with a Quantitative Explanatory Variable,Because they still represent similar values relative to what each is measuring.,Notice that the PRE statistic for the <code>Height_model</code> and the <code>zHeight_model</code> are identical. Why do you think this is?
444,Chapter 9 - Models with a Quantitative Explanatory Variable,standardizing the variables isnt changing the relationship between them,Notice that the PRE statistic for the <code>Height_model</code> and the <code>zHeight_model</code> are identical. Why do you think this is?
445,Chapter 9 - Models with a Quantitative Explanatory Variable,I think it's because standardizing z-scores doesn't change the relationship between height and thumbs,Notice that the PRE statistic for the <code>Height_model</code> and the <code>zHeight_model</code> are identical. Why do you think this is?
446,Chapter 9 - Models with a Quantitative Explanatory Variable,"The PRE (Proportional Reduction in Error) statistics for the Height_model and the zHeight_model are identical because z-scoring is a linear transformation.
",Notice that the PRE statistic for the <code>Height_model</code> and the <code>zHeight_model</code> are identical. Why do you think this is?
447,Chapter 9 - Models with a Quantitative Explanatory Variable,"The PRE (Proportional Reduction in Error) statistics are identical because converting variables to scores (standardizing) is a linear transformation that changes the units of measurement (e.g., from inches to standard deviations) but does not change the shape, spread, or relationship (correlation) between the variables.",Notice that the PRE statistic for the <code>Height_model</code> and the <code>zHeight_model</code> are identical. Why do you think this is?
448,Chapter 9 - Models with a Quantitative Explanatory Variable,"Because standardizing (converting to z-scores) is just a linear transformation—it shifts and rescales the variables but does not change the strength of the relationship between them.
PRE (which is r2r^2r2) depends only on the correlation, and correlation is unchanged by linear transformations. So both models explain the same proportion of variance, giving identical PRE values.",Notice that the PRE statistic for the <code>Height_model</code> and the <code>zHeight_model</code> are identical. Why do you think this is?
449,Chapter 5 - A Simple Model,It represents a prediction.,"Based on what you have learned about notation so far, what do you think the&nbsp;\(b_0\)&nbsp;might represent in the equation above?"
450,Chapter 5 - A Simple Model,"The mean, or average.","Based on what you have learned about notation so far, what do you think the&nbsp;\(b_0\)&nbsp;might represent in the equation above?"
451,Chapter 5 - A Simple Model,"In the equation 𝑦𝑖=b0+ei, 𝑦𝑖 represents the observed value of the outcome for the i-th person or case, like someone’s happiness score in a study about stress and happiness. It’s the actual data point, while 𝑏0 is the baseline value and 𝑒𝑖 is the error showing how much that person’s value differs from the baseline.","Based on what you have learned about notation so far, what do you think the&nbsp;\(b_0\)&nbsp;might represent in the equation above?"
452,Chapter 5 - A Simple Model,The B sub o in the equation represents the mean.,"Based on what you have learned about notation so far, what do you think the&nbsp;\(b_0\)&nbsp;might represent in the equation above?"
453,Chapter 5 - A Simple Model,The b0 represents the mean of the data.,"Based on what you have learned about notation so far, what do you think the&nbsp;\(b_0\)&nbsp;might represent in the equation above?"
454,Chapter 5 - A Simple Model,The estimate of the sample,"Based on what you have learned about notation so far, what do you think the&nbsp;\(b_0\)&nbsp;might represent in the equation above?"
455,Chapter 5 - A Simple Model,"In the General Linear Model (GLM) notation for an empty model, b_0 represents the mean of the outcome variable (in this case, the mean of ""Thumb""). ​It replaces the \bar{Y} notation from the simpler equation. In this context, b_0 is the parameter estimate for the model's intercept, which serves as the single best prediction for any given value when no other explanatory variables are used.","Based on what you have learned about notation so far, what do you think the&nbsp;\(b_0\)&nbsp;might represent in the equation above?"
456,Chapter 5 - A Simple Model,I think it might represent the y-axis.,"Based on what you have learned about notation so far, what do you think the&nbsp;\(b_0\)&nbsp;might represent in the equation above?"
457,Chapter 5 - A Simple Model,The variable that has most affect on the outcome variable.,"Based on what you have learned about notation so far, what do you think the&nbsp;\(b_0\)&nbsp;might represent in the equation above?"
458,Chapter 5 - A Simple Model,The b0 stands for the mean,"Based on what you have learned about notation so far, what do you think the&nbsp;\(b_0\)&nbsp;might represent in the equation above?"
459,Chapter 5 - A Simple Model,the predicition,"Based on what you have learned about notation so far, what do you think the&nbsp;\(b_0\)&nbsp;might represent in the equation above?"
460,Chapter 6 - Quantifying Error,"Because the average high score is 37,000 points and 35,000 is slightly above average. The distribution of scores culminates the spread and the mean which the highest score is 37,000 points from one player.","Say you have a video game called Kargle. A friend of yours says that their high score is 37,000 points. Is that a good score? How do you know?&nbsp; What else would you want to know to answer this question?"
461,Chapter 6 - Quantifying Error,"A score of 37,000 is only meaningful if you know how it compares to the average and spread of other scores.
","Say you have a video game called Kargle. A friend of yours says that their high score is 37,000 points. Is that a good score? How do you know?&nbsp; What else would you want to know to answer this question?"
462,Chapter 6 - Quantifying Error,"It does sound like a good score however, I'd like to know the mean score of players that play Kargle as it looks at glance like a high score but if the mean is higher than it is only a below average score.","Say you have a video game called Kargle. A friend of yours says that their high score is 37,000 points. Is that a good score? How do you know?&nbsp; What else would you want to know to answer this question?"
463,Chapter 6 - Quantifying Error,"You cannot know if it is a ""good"" score without context. To answer this, you would need to know the mean (average) score and the standard deviation (spread) of the distribution to see where 37,000 falls relative to other players.","Say you have a video game called Kargle. A friend of yours says that their high score is 37,000 points. Is that a good score? How do you know?&nbsp; What else would you want to know to answer this question?"
464,Chapter 6 - Quantifying Error,"You can’t tell if 37,000 is a good score without comparing it to other scores. You would need to know the average score and the standard deviation to see how far 37,000 is from typical scores.","Say you have a video game called Kargle. A friend of yours says that their high score is 37,000 points. Is that a good score? How do you know?&nbsp; What else would you want to know to answer this question?"
465,Chapter 6 - Quantifying Error,I would need to know the mean and standard deviation to be able to calculate if this is a good score.,"Say you have a video game called Kargle. A friend of yours says that their high score is 37,000 points. Is that a good score? How do you know?&nbsp; What else would you want to know to answer this question?"
466,Chapter 6 - Quantifying Error,"The score the individual have is a good score due to how high the numerical value it is. However, we wouldn't know if it's truly a good score due to not having enough information of the average scores that is gained in the video game. Having that info would help us determine if the 37000 points is a good score.","Say you have a video game called Kargle. A friend of yours says that their high score is 37,000 points. Is that a good score? How do you know?&nbsp; What else would you want to know to answer this question?"
467,Chapter 6 - Quantifying Error,I have no frame of reference whether this is a good score or not. I would need the average and SD in order to qualify the score my friend got.,"Say you have a video game called Kargle. A friend of yours says that their high score is 37,000 points. Is that a good score? How do you know?&nbsp; What else would you want to know to answer this question?"
468,Chapter 6 - Quantifying Error,This is not a good score because there is no context.  We need more scores to compare too.,"Say you have a video game called Kargle. A friend of yours says that their high score is 37,000 points. Is that a good score? How do you know?&nbsp; What else would you want to know to answer this question?"
469,Chapter 6 - Quantifying Error,It's a good score because it sounds like a lot of points but I would want to know the highest amount of points possible and the average mean score that everyone else has gotten.,"Say you have a video game called Kargle. A friend of yours says that their high score is 37,000 points. Is that a good score? How do you know?&nbsp; What else would you want to know to answer this question?"
470,Chapter 6 - Quantifying Error,to know if it’s a good score or not you need to know the mean,"Say you have a video game called Kargle. A friend of yours says that their high score is 37,000 points. Is that a good score? How do you know?&nbsp; What else would you want to know to answer this question?"
471,Chapter 6 - Quantifying Error,we wouldn’t know because we don’t know what’s considered a good score for the game. we would have to compare other scores to hers and decide from that.,"Say you have a video game called Kargle. A friend of yours says that their high score is 37,000 points. Is that a good score? How do you know?&nbsp; What else would you want to know to answer this question?"
472,Chapter 6 - Quantifying Error,"If the mean was 35k that would mean her score was high, this relates to the thumb situation because it’s always easier to conclude what a number means when it’s in comparison to another value.","What is similar about 37,000 points in the Kargle situation and 65.1 mm in the <code>Thumb</code> situation?"
473,Chapter 6 - Quantifying Error,They are the threshold values to the mean. And the points are compared to the distribution.,"What is similar about 37,000 points in the Kargle situation and 65.1 mm in the <code>Thumb</code> situation?"
474,Chapter 6 - Quantifying Error,we only knew their information at first,"What is similar about 37,000 points in the Kargle situation and 65.1 mm in the <code>Thumb</code> situation?"
475,Chapter 6 - Quantifying Error,They have the same distribution,"What is similar about 37,000 points in the Kargle situation and 65.1 mm in the <code>Thumb</code> situation?"
476,Chapter 6 - Quantifying Error,Both are raw values that don’t mean much on their own and need to be compared to the distribution,"What is similar about 37,000 points in the Kargle situation and 65.1 mm in the <code>Thumb</code> situation?"
477,Chapter 6 - Quantifying Error,"The only thing that is similar is that we know the 37,000 points in Kargle and Zelda's finger length are above average and nothing more.","What is similar about 37,000 points in the Kargle situation and 65.1 mm in the <code>Thumb</code> situation?"
478,Chapter 6 - Quantifying Error,"In both cases, these represent individual data points (x) that are above the mean of their respective distributions. Both require a Z-score calculation to determine exactly how far they deviate from the average in terms of standard deviation units.","What is similar about 37,000 points in the Kargle situation and 65.1 mm in the <code>Thumb</code> situation?"
479,Chapter 6 - Quantifying Error,"We know that both data points are above the mean in their respective data sets, however, how they compare to the rest of the points in the data is unclear without more information.","What is similar about 37,000 points in the Kargle situation and 65.1 mm in the <code>Thumb</code> situation?"
480,Chapter 6 - Quantifying Error,"Something that is similar about the 37,000 points in the Kargle situation and the 65.1mm in the Thumb situation is they don't tell us much. Also they are both only single scores.","What is similar about 37,000 points in the Kargle situation and 65.1 mm in the <code>Thumb</code> situation?"
481,Chapter 6 - Quantifying Error,"In both the Kargle and Thumb situations, we know the absolute distance from the mean, but not the relative distance.","What is similar about 37,000 points in the Kargle situation and 65.1 mm in the <code>Thumb</code> situation?"
482,Chapter 6 - Quantifying Error,"What is similar to 37,000 points for a video game and 65.1mm in the Thumbs data is that they are above the mean.","What is similar about 37,000 points in the Kargle situation and 65.1 mm in the <code>Thumb</code> situation?"
483,Chapter 6 - Quantifying Error,"Both 37,000 points and 65.1 mm are just single values. By themselves they don’t tell us much, we need to compare them to the mean and standard deviation of the group to know if they are high, low, or average.","What is similar about 37,000 points in the Kargle situation and 65.1 mm in the <code>Thumb</code> situation?"
484,Chapter 6 - Quantifying Error,​A player with a z-score of 2 is more impressive. This is because a higher z-score indicates the player performed significantly further above the average (mean) than the other player.,"Now compare the two z<em>&nbsp;</em>scores (2 vs. 0.4). Which is more impressive, a player with a&nbsp;z&nbsp;score of 2 or one with a&nbsp;z&nbsp;score of 0.4? Why?"
485,Chapter 6 - Quantifying Error,I would think that a player with the z score of 2 is more impressive than the person with a 0.4 z score because it is two standard deviations above the mean.,"Now compare the two z<em>&nbsp;</em>scores (2 vs. 0.4). Which is more impressive, a player with a&nbsp;z&nbsp;score of 2 or one with a&nbsp;z&nbsp;score of 0.4? Why?"
486,Chapter 6 - Quantifying Error,"A z-score of 2 is more impressive, as it is 2 whole SDs above the mean. They are significantly higher than the mean, whereas 0.4 is much closer to average.","Now compare the two z<em>&nbsp;</em>scores (2 vs. 0.4). Which is more impressive, a player with a&nbsp;z&nbsp;score of 2 or one with a&nbsp;z&nbsp;score of 0.4? Why?"
487,Chapter 6 - Quantifying Error,a z score of 2 standard deviations above the mean. 0.4 standard deviations above the mean.,"Now compare the two z<em>&nbsp;</em>scores (2 vs. 0.4). Which is more impressive, a player with a&nbsp;z&nbsp;score of 2 or one with a&nbsp;z&nbsp;score of 0.4? Why?"
488,Chapter 6 - Quantifying Error,A z-score of 2 is more impressive than 0.4 because it means the value is farther above the mean — 2 standard deviations above versus only 0.4.,"Now compare the two z<em>&nbsp;</em>scores (2 vs. 0.4). Which is more impressive, a player with a&nbsp;z&nbsp;score of 2 or one with a&nbsp;z&nbsp;score of 0.4? Why?"
489,Chapter 6 - Quantifying Error,A player with a z-score of 2 is way more impressive than a player with a z-score of 0.4 because it means they scored 2 whole standard deviations above the mean.,"Now compare the two z<em>&nbsp;</em>scores (2 vs. 0.4). Which is more impressive, a player with a&nbsp;z&nbsp;score of 2 or one with a&nbsp;z&nbsp;score of 0.4? Why?"
490,Chapter 6 - Quantifying Error,The score of 2 is more impressive because it's a higher value and more above the sd.,"Now compare the two z<em>&nbsp;</em>scores (2 vs. 0.4). Which is more impressive, a player with a&nbsp;z&nbsp;score of 2 or one with a&nbsp;z&nbsp;score of 0.4? Why?"
491,Chapter 6 - Quantifying Error,The a score of 2 is or impressive,"Now compare the two z<em>&nbsp;</em>scores (2 vs. 0.4). Which is more impressive, a player with a&nbsp;z&nbsp;score of 2 or one with a&nbsp;z&nbsp;score of 0.4? Why?"
492,Chapter 6 - Quantifying Error,"A player with a z score of 2 is more impressive because their score is **farther above the mean (2 standard deviations)** compared to 0.4, meaning they performed much better relative to others.
","Now compare the two z<em>&nbsp;</em>scores (2 vs. 0.4). Which is more impressive, a player with a&nbsp;z&nbsp;score of 2 or one with a&nbsp;z&nbsp;score of 0.4? Why?"
493,Chapter 6 - Quantifying Error,Because the player with a z-score of 2 has the highest score and it's far above the average mean.,"Now compare the two z<em>&nbsp;</em>scores (2 vs. 0.4). Which is more impressive, a player with a&nbsp;z&nbsp;score of 2 or one with a&nbsp;z&nbsp;score of 0.4? Why?"
494,Chapter 6 - Quantifying Error,a player with a z score of 2 because that means the player was 3 standard deviations above the mean which is harder to do,"Now compare the two z<em>&nbsp;</em>scores (2 vs. 0.4). Which is more impressive, a player with a&nbsp;z&nbsp;score of 2 or one with a&nbsp;z&nbsp;score of 0.4? Why?"
495,Chapter 6 - Quantifying Error,Two is more impressive. It would be a harder score ticket,"Now compare the two z<em>&nbsp;</em>scores (2 vs. 0.4). Which is more impressive, a player with a&nbsp;z&nbsp;score of 2 or one with a&nbsp;z&nbsp;score of 0.4? Why?"
496,Chapter 7 - Adding an Explanatory Variable to the Model,"The output shows that for each case, the actual thumb length equals the predicted value plus the residual, confirming that DATA = MODEL + ERROR.
",Take a look at the output above. Is it still true that <strong>DATA = MODEL + ERROR</strong>? Explain how you can tell from the output?
497,Chapter 7 - Adding an Explanatory Variable to the Model,yes. Thumb  = Gender_predict  + Gender_resid (ERROR),Take a look at the output above. Is it still true that <strong>DATA = MODEL + ERROR</strong>? Explain how you can tell from the output?
498,Chapter 7 - Adding an Explanatory Variable to the Model,The output for the Gender model uses 3 distributions to get the GLM notations.,Take a look at the output above. Is it still true that <strong>DATA = MODEL + ERROR</strong>? Explain how you can tell from the output?
499,Chapter 7 - Adding an Explanatory Variable to the Model,"Yes, it is still true because the Thumb (Data) value for each row is exactly the sum of the Gender_predict (Model) and Gender_resid (Error) columns.",Take a look at the output above. Is it still true that <strong>DATA = MODEL + ERROR</strong>? Explain how you can tell from the output?
500,Chapter 7 - Adding an Explanatory Variable to the Model,"Yes, it is still true that DATA = MODEL + ERROR.

You can tell from the output because for each student, the observed thumb length (DATA) equals the predicted value (MODEL) plus the residual (ERROR).",Take a look at the output above. Is it still true that <strong>DATA = MODEL + ERROR</strong>? Explain how you can tell from the output?
501,Chapter 7 - Adding an Explanatory Variable to the Model,Yes you see it by looking at the relations between one another,Take a look at the output above. Is it still true that <strong>DATA = MODEL + ERROR</strong>? Explain how you can tell from the output?
502,Chapter 7 - Adding an Explanatory Variable to the Model,The statement is true by the output of the gender prediction showing the mean.,Take a look at the output above. Is it still true that <strong>DATA = MODEL + ERROR</strong>? Explain how you can tell from the output?
503,Chapter 7 - Adding an Explanatory Variable to the Model,"If you add the model and the error you get the output. For example, adding together 58.25585 and 5.744152 gets you 64.",Take a look at the output above. Is it still true that <strong>DATA = MODEL + ERROR</strong>? Explain how you can tell from the output?
504,Chapter 7 - Adding an Explanatory Variable to the Model,"Yes it’s true because  the actual data equals the model prediction plus the residual error,",Take a look at the output above. Is it still true that <strong>DATA = MODEL + ERROR</strong>? Explain how you can tell from the output?
505,Chapter 7 - Adding an Explanatory Variable to the Model,Yes it is still true,Take a look at the output above. Is it still true that <strong>DATA = MODEL + ERROR</strong>? Explain how you can tell from the output?
506,Chapter 7 - Adding an Explanatory Variable to the Model,The output makes it super apparent that DATA = MODEL + ERROR. Thumb = Gender_predict + Gender_resid. Everytime.,Take a look at the output above. Is it still true that <strong>DATA = MODEL + ERROR</strong>? Explain how you can tell from the output?
507,Chapter 9 - Models with a Quantitative Explanatory Variable,"Nothing would appear different; the variables are unchanged in both models (single and two-group). The difference would be when we begin plugging in values. b1 in a single group model represents the slope of the line-of-best-fit; in a two-group model, b1 represents the difference between the intercept (b0) and the mean value for the second group.",What is different in the GLM notation for these two models? What is similar?
508,Chapter 9 - Models with a Quantitative Explanatory Variable,"The difference is that the first GLM notation represents a regression model with a single quantitative explanatory variable whereas the second GLM notation represents a two group model. Despite the differences, the notations are similar in terms of the equation as a whole.",What is different in the GLM notation for these two models? What is similar?
509,Chapter 9 - Models with a Quantitative Explanatory Variable,"The notation is identical (Yi = b0 + b1Xi + ei). The difference lies in the nature of Xi: in the Height model, Xi is a quantitative variable (inches), while in the two-group model, Xi is a dummy-coded categorical variable (0 or 1).",What is different in the GLM notation for these two models? What is similar?
510,Chapter 9 - Models with a Quantitative Explanatory Variable,They both have the same equation format. Height model uses actual height  and the Height2Group model uses groups.,What is different in the GLM notation for these two models? What is similar?
511,Chapter 9 - Models with a Quantitative Explanatory Variable,The Xi is 0 or 1 for the Height2Group but not for the Height model. The similarities are the outcome.,What is different in the GLM notation for these two models? What is similar?
512,Chapter 9 - Models with a Quantitative Explanatory Variable,They are the same ?,What is different in the GLM notation for these two models? What is similar?
513,Chapter 9 - Models with a Quantitative Explanatory Variable,Both of the models are the same but the GLM notation has the Height two group other than Height. The other has a two-group model that uses the two notation group.,What is different in the GLM notation for these two models? What is similar?
514,Chapter 9 - Models with a Quantitative Explanatory Variable,Some similarities will be yi and the ei and the differences will be the data,What is different in the GLM notation for these two models? What is similar?
515,Chapter 9 - Models with a Quantitative Explanatory Variable,"The main difference in the GLM notation between the two models is the explanatory variable used: one model uses Height2Group, which is categorical, while the other uses Height, which is quantitative.",What is different in the GLM notation for these two models? What is similar?
516,Chapter 9 - Models with a Quantitative Explanatory Variable,they are the same?,What is different in the GLM notation for these two models? What is similar?
517,Chapter 9 - Models with a Quantitative Explanatory Variable,There is no difference between the two GLM notations for the model of a single quantitative explanatory variable and a two-group model.,What is different in the GLM notation for these two models? What is similar?
518,Chapter 9 - Models with a Quantitative Explanatory Variable,They both use the same notation but stand for different things.  Xi represents the quantative variable in height while its categorical for. 2 groups,What is different in the GLM notation for these two models? What is similar?
519,Chapter 9 - Models with a Quantitative Explanatory Variable,There isn't a visible difference of the GLM notation for these two models. The similarity was that both notations are written the same.,What is different in the GLM notation for these two models? What is similar?
520,Chapter 9 - Models with a Quantitative Explanatory Variable,"​The parameter estimates would become identical to the Gender model. This is because when the groups are coded 0 and 1, the y-intercept (b_0) is calculated at X=0, which aligns with the mean of the group coded as 0.",What do you think would happen if we coded the <code>GenderNum</code> groups 0 and 1 instead of 1 and 2? Why?
521,Chapter 9 - Models with a Quantitative Explanatory Variable,"Changing from 1/2 to 0/1 just shifts the scale of the variable. When using 0 and 1, the intercept (𝑏0) would now represent the mean thumb length for the group coded as 0.",What do you think would happen if we coded the <code>GenderNum</code> groups 0 and 1 instead of 1 and 2? Why?
522,Chapter 9 - Models with a Quantitative Explanatory Variable,The model's for the interpretations of coefficients changes and the model's predictions don't change.,What do you think would happen if we coded the <code>GenderNum</code> groups 0 and 1 instead of 1 and 2? Why?
523,Chapter 9 - Models with a Quantitative Explanatory Variable,The information would come out different b0 is different from b2,What do you think would happen if we coded the <code>GenderNum</code> groups 0 and 1 instead of 1 and 2? Why?
524,Chapter 9 - Models with a Quantitative Explanatory Variable,If we code GenderNum groups 0 and 1 instead of 1 and 2 the intercept changes because the baseline shifts to 0. The slope and the predictions stay the same since the relationship between the group doesn't change.,What do you think would happen if we coded the <code>GenderNum</code> groups 0 and 1 instead of 1 and 2? Why?
525,Chapter 9 - Models with a Quantitative Explanatory Variable,"I think the regression line would look different, the height of the line at 1 would now be the height for 0 and the hight for 2 would be the height for 1.",What do you think would happen if we coded the <code>GenderNum</code> groups 0 and 1 instead of 1 and 2? Why?
526,Chapter 9 - Models with a Quantitative Explanatory Variable,The intercept would change,What do you think would happen if we coded the <code>GenderNum</code> groups 0 and 1 instead of 1 and 2? Why?
527,Chapter 9 - Models with a Quantitative Explanatory Variable,The x-axis would change to only 0 and 1 because there's no 2.,What do you think would happen if we coded the <code>GenderNum</code> groups 0 and 1 instead of 1 and 2? Why?
528,Chapter 9 - Models with a Quantitative Explanatory Variable,"If we coded GenderNum as 0 and 1, instead of 1 and 2, the slope would stay the same, but the intercept would change to something more meaningful to our data. The slope only depends on the difference between the two groups, which doesn't change, but the intercept is the predicted value when X=0. With 1/2 coding, X=0 actually corresponds to one of the real groups, so b0 becomes that group's mean.",What do you think would happen if we coded the <code>GenderNum</code> groups 0 and 1 instead of 1 and 2? Why?
529,Chapter 9 - Models with a Quantitative Explanatory Variable,It would become exactly like the Gender model since it is labeled males and females as 0 and 1 respectively.,What do you think would happen if we coded the <code>GenderNum</code> groups 0 and 1 instead of 1 and 2? Why?
530,Chapter 9 - Models with a Quantitative Explanatory Variable,The slopes would be the same.,What do you think would happen if we coded the <code>GenderNum</code> groups 0 and 1 instead of 1 and 2? Why?
531,Chapter 9 - Models with a Quantitative Explanatory Variable,"Standardizing variables changes the scale and units, but it does not change the underlying relationship or the proportion of variance explained (PRE/R^2) between the variables.",Notice that the PRE statistic for the <code>Height_model</code> and the <code>zHeight_model</code> are identical. Why do you think this is?
532,Chapter 9 - Models with a Quantitative Explanatory Variable,They are identical because the data is the same.,Notice that the PRE statistic for the <code>Height_model</code> and the <code>zHeight_model</code> are identical. Why do you think this is?
533,Chapter 9 - Models with a Quantitative Explanatory Variable,Because PRE measures the proportion not the amount.,Notice that the PRE statistic for the <code>Height_model</code> and the <code>zHeight_model</code> are identical. Why do you think this is?
534,Chapter 9 - Models with a Quantitative Explanatory Variable,"Standardizing the variables doesn't change the relationship between them. PRE is a proportion, so even if the raw values change, that ratio stays the same. The model is explaining the same percentage of variation either way.",Notice that the PRE statistic for the <code>Height_model</code> and the <code>zHeight_model</code> are identical. Why do you think this is?
535,Chapter 9 - Models with a Quantitative Explanatory Variable,The PRE is identical because standardizing the variables doesn’t change the relationship between them.,Notice that the PRE statistic for the <code>Height_model</code> and the <code>zHeight_model</code> are identical. Why do you think this is?
536,Chapter 9 - Models with a Quantitative Explanatory Variable,"Because the PRE for both Height and z height models have the same PRE's from standardized and unstandared models. Therefore, both errors are reduced by ANOVA's.",Notice that the PRE statistic for the <code>Height_model</code> and the <code>zHeight_model</code> are identical. Why do you think this is?
537,Chapter 9 - Models with a Quantitative Explanatory Variable,They might be the same because they have the same variable in common.,Notice that the PRE statistic for the <code>Height_model</code> and the <code>zHeight_model</code> are identical. Why do you think this is?
538,Chapter 9 - Models with a Quantitative Explanatory Variable,The reason why the PRE statistics for the Height_model and ZHeight_model is because they have the same explanatory and outcome variables which are Height and Thumb.,Notice that the PRE statistic for the <code>Height_model</code> and the <code>zHeight_model</code> are identical. Why do you think this is?
539,Chapter 9 - Models with a Quantitative Explanatory Variable,"The PRE is identical for both models because standardizing the variables does not change the underlying relationship between them, it only changes the scale.",Notice that the PRE statistic for the <code>Height_model</code> and the <code>zHeight_model</code> are identical. Why do you think this is?
540,Chapter 9 - Models with a Quantitative Explanatory Variable,standard height changes the scale not  not well how it predicts thumb,Notice that the PRE statistic for the <code>Height_model</code> and the <code>zHeight_model</code> are identical. Why do you think this is?
541,Chapter 9 - Models with a Quantitative Explanatory Variable,They show the relationships between the variables,Notice that the PRE statistic for the <code>Height_model</code> and the <code>zHeight_model</code> are identical. Why do you think this is?
542,Chapter 5 - A Simple Model,"It might have something to do with the mean, either focusing on a predictor range or the mean itself.","Based on what you have learned about notation so far, what do you think the&nbsp;\(b_0\)&nbsp;might represent in the equation above?"
543,Chapter 5 - A Simple Model,"it represents the mean, averag ethumb length.","Based on what you have learned about notation so far, what do you think the&nbsp;\(b_0\)&nbsp;might represent in the equation above?"
544,Chapter 5 - A Simple Model,The Thumb (data) has a bell shape and is roughly symmetrical in terms of its centering at 60 and most data points fall between 40 and 80. The Predict (model) has one single peak at 60.1 since an empty model will predict the exact mean for all students. The Resid (error) distribution is also symmetrical around zero and ranges from roughly -20 to +20 in order to show deviation from predicted mean,"Based on what you have learned about notation so far, what do you think the&nbsp;\(b_0\)&nbsp;might represent in the equation above?"
545,Chapter 5 - A Simple Model,"I think that ""b sub O"" will represent the mean or predict in the equation.","Based on what you have learned about notation so far, what do you think the&nbsp;\(b_0\)&nbsp;might represent in the equation above?"
546,Chapter 5 - A Simple Model,mean,"Based on what you have learned about notation so far, what do you think the&nbsp;\(b_0\)&nbsp;might represent in the equation above?"
547,Chapter 5 - A Simple Model,"it might represent ""empty model""","Based on what you have learned about notation so far, what do you think the&nbsp;\(b_0\)&nbsp;might represent in the equation above?"
548,Chapter 5 - A Simple Model,I think the b0 might represent the mean.,"Based on what you have learned about notation so far, what do you think the&nbsp;\(b_0\)&nbsp;might represent in the equation above?"
549,Chapter 5 - A Simple Model,it represents the prediction,"Based on what you have learned about notation so far, what do you think the&nbsp;\(b_0\)&nbsp;might represent in the equation above?"
550,Chapter 5 - A Simple Model,I  think b0 represents the average value.,"Based on what you have learned about notation so far, what do you think the&nbsp;\(b_0\)&nbsp;might represent in the equation above?"
551,Chapter 5 - A Simple Model,Model/predictor,"Based on what you have learned about notation so far, what do you think the&nbsp;\(b_0\)&nbsp;might represent in the equation above?"
552,Chapter 6 - Quantifying Error,I would not be able to know if that is a good score without first knowing what the mean is.,"Say you have a video game called Kargle. A friend of yours says that their high score is 37,000 points. Is that a good score? How do you know?&nbsp; What else would you want to know to answer this question?"
553,Chapter 6 - Quantifying Error,how to compare how good they are to others.,"Say you have a video game called Kargle. A friend of yours says that their high score is 37,000 points. Is that a good score? How do you know?&nbsp; What else would you want to know to answer this question?"
554,Chapter 6 - Quantifying Error,"I would consider a score of 37,000 points a good score if the mean score across all players of the game is 35,000. If I did not know the mean or average scores amongst all Kargle players it would be very useful information to know the mean in order to determine this decision.","Say you have a video game called Kargle. A friend of yours says that their high score is 37,000 points. Is that a good score? How do you know?&nbsp; What else would you want to know to answer this question?"
555,Chapter 6 - Quantifying Error,"Yes that would be a good score because it would be above the mean which probably be 35,000.","Say you have a video game called Kargle. A friend of yours says that their high score is 37,000 points. Is that a good score? How do you know?&nbsp; What else would you want to know to answer this question?"
556,Chapter 6 - Quantifying Error,"If the score is about 37,000 points is a low score.","Say you have a video game called Kargle. A friend of yours says that their high score is 37,000 points. Is that a good score? How do you know?&nbsp; What else would you want to know to answer this question?"
557,Chapter 6 - Quantifying Error,"I  think I’d know more information before forming a opinion, such as average player score, top scores, and lowest scores.","Say you have a video game called Kargle. A friend of yours says that their high score is 37,000 points. Is that a good score? How do you know?&nbsp; What else would you want to know to answer this question?"
558,Chapter 6 - Quantifying Error,"i would assume 37,000 is a good score because it's a 5 digit number which is pretty high. i would also ask what the highest score is and how difficult is the game?","Say you have a video game called Kargle. A friend of yours says that their high score is 37,000 points. Is that a good score? How do you know?&nbsp; What else would you want to know to answer this question?"
559,Chapter 6 - Quantifying Error,I wouldn't fully know since I don't yet know the average scores for Kargle in comparison to mine.,"Say you have a video game called Kargle. A friend of yours says that their high score is 37,000 points. Is that a good score? How do you know?&nbsp; What else would you want to know to answer this question?"
560,Chapter 6 - Quantifying Error,"To determine 37,000 represents an acceptable high score for Kargle, I would need to know both the mean (average) score of all players, to determine where the 37,000 falls within the range of scores, and I would also like to have a standard deviation so that I can determine how much 37,000 deviates from the mean by a factor of how many standard deviations it is away from the mean (i.e., was 37,000 a high score, and/or is it typical). Without this information, I will never be able to determine if 37,000 is a high score","Say you have a video game called Kargle. A friend of yours says that their high score is 37,000 points. Is that a good score? How do you know?&nbsp; What else would you want to know to answer this question?"
561,Chapter 6 - Quantifying Error,Its hard to tell if thats a good score becaue you don;t know the average score or the distrubtion of eveyro else'e sciores.,"Say you have a video game called Kargle. A friend of yours says that their high score is 37,000 points. Is that a good score? How do you know?&nbsp; What else would you want to know to answer this question?"
562,Chapter 6 - Quantifying Error,"We know the mean, and can calaucte that he scores are aboce average but we dont know the varaibility o the data so theres not much to tell.","What is similar about 37,000 points in the Kargle situation and 65.1 mm in the <code>Thumb</code> situation?"
563,Chapter 6 - Quantifying Error,They are both single data points higher than the mean that require z-scores and standard deviation to see how relatively ahead of the mean they are.,"What is similar about 37,000 points in the Kargle situation and 65.1 mm in the <code>Thumb</code> situation?"
564,Chapter 6 - Quantifying Error,"Both 37,000 points in Kargle and 65.1 mm in the Thumb situation are above their respective means (35,000 points and 60.1 mm), but without knowing the spread or standard deviation of each distribution, we can only say they are higher than average without understanding how impressive or unusual they are relative to the rest of the scores/thumbs.","What is similar about 37,000 points in the Kargle situation and 65.1 mm in the <code>Thumb</code> situation?"
565,Chapter 6 - Quantifying Error,What’s similar is that we can find what we’re looking for in a histogram once we’re given more information regarding the Kargle situation.,"What is similar about 37,000 points in the Kargle situation and 65.1 mm in the <code>Thumb</code> situation?"
566,Chapter 6 - Quantifying Error,they both represent a raw number,"What is similar about 37,000 points in the Kargle situation and 65.1 mm in the <code>Thumb</code> situation?"
567,Chapter 6 - Quantifying Error,what is similar is the raw score that is above the mean of its respective distribution.,"What is similar about 37,000 points in the Kargle situation and 65.1 mm in the <code>Thumb</code> situation?"
568,Chapter 6 - Quantifying Error,"The thumb situation of 37,000 of 65.1 mm","What is similar about 37,000 points in the Kargle situation and 65.1 mm in the <code>Thumb</code> situation?"
569,Chapter 6 - Quantifying Error,they are both the means,"What is similar about 37,000 points in the Kargle situation and 65.1 mm in the <code>Thumb</code> situation?"
570,Chapter 6 - Quantifying Error,Both numbers are important pieces of data that help either measure a variable or show what the average length is.,"What is similar about 37,000 points in the Kargle situation and 65.1 mm in the <code>Thumb</code> situation?"
571,Chapter 6 - Quantifying Error,What is similar would probably be the use of the z-score to calculate the data.,"What is similar about 37,000 points in the Kargle situation and 65.1 mm in the <code>Thumb</code> situation?"
572,Chapter 6 - Quantifying Error,the larger z score because its more outstanding compared to the rest.,"Now compare the two z<em>&nbsp;</em>scores (2 vs. 0.4). Which is more impressive, a player with a&nbsp;z&nbsp;score of 2 or one with a&nbsp;z&nbsp;score of 0.4? Why?"
573,Chapter 6 - Quantifying Error,I think the player with z = 2 performed better relative to the average and is more impressive compared to the other player,"Now compare the two z<em>&nbsp;</em>scores (2 vs. 0.4). Which is more impressive, a player with a&nbsp;z&nbsp;score of 2 or one with a&nbsp;z&nbsp;score of 0.4? Why?"
574,Chapter 6 - Quantifying Error,"2, since it shows that much less people in the sample pool have been able to surpass this score.","Now compare the two z<em>&nbsp;</em>scores (2 vs. 0.4). Which is more impressive, a player with a&nbsp;z&nbsp;score of 2 or one with a&nbsp;z&nbsp;score of 0.4? Why?"
575,Chapter 6 - Quantifying Error,"a player with a z score of 2 above the average, because it would mean they surpassed that a lot more than someone with a z score of 0.4","Now compare the two z<em>&nbsp;</em>scores (2 vs. 0.4). Which is more impressive, a player with a&nbsp;z&nbsp;score of 2 or one with a&nbsp;z&nbsp;score of 0.4? Why?"
576,Chapter 6 - Quantifying Error,"
A z-score of 2 is more impressive than a z-score of 0.4 because it means the player's score is two full standard deviations above the mean (a rare, extreme performance in the upper tail of the distribution), while 0.4 is only 0.4 standard deviations above the mean (relatively close to average and much more common).","Now compare the two z<em>&nbsp;</em>scores (2 vs. 0.4). Which is more impressive, a player with a&nbsp;z&nbsp;score of 2 or one with a&nbsp;z&nbsp;score of 0.4? Why?"
577,Chapter 6 - Quantifying Error,the z score of 2 is smaller than the 0.4,"Now compare the two z<em>&nbsp;</em>scores (2 vs. 0.4). Which is more impressive, a player with a&nbsp;z&nbsp;score of 2 or one with a&nbsp;z&nbsp;score of 0.4? Why?"
578,Chapter 6 - Quantifying Error,"a player with a z-score of 2 is more impressive because their performance is 2 standard deviations above the mean, while a z-score of 0.4 is less than half a standard deviation above the mean. Higher positive z-score means a better performance that is further away from average.","Now compare the two z<em>&nbsp;</em>scores (2 vs. 0.4). Which is more impressive, a player with a&nbsp;z&nbsp;score of 2 or one with a&nbsp;z&nbsp;score of 0.4? Why?"
579,Chapter 6 - Quantifying Error,.4 is more impressive due to being higher to the mean.,"Now compare the two z<em>&nbsp;</em>scores (2 vs. 0.4). Which is more impressive, a player with a&nbsp;z&nbsp;score of 2 or one with a&nbsp;z&nbsp;score of 0.4? Why?"
580,Chapter 6 - Quantifying Error,The 2 z-scores are more impressive because they are two standard deviations above the mean.,"Now compare the two z<em>&nbsp;</em>scores (2 vs. 0.4). Which is more impressive, a player with a&nbsp;z&nbsp;score of 2 or one with a&nbsp;z&nbsp;score of 0.4? Why?"
581,Chapter 6 - Quantifying Error,A z-score of 2 is more impressive—it’s two standard deviations above the mean.,"Now compare the two z<em>&nbsp;</em>scores (2 vs. 0.4). Which is more impressive, a player with a&nbsp;z&nbsp;score of 2 or one with a&nbsp;z&nbsp;score of 0.4? Why?"
582,Chapter 7 - Adding an Explanatory Variable to the Model,"Yes becuase for ech student, if you add the predicted value and he residual u get the actual lnegth.",Take a look at the output above. Is it still true that <strong>DATA = MODEL + ERROR</strong>? Explain how you can tell from the output?
583,Chapter 7 - Adding an Explanatory Variable to the Model,The gender model is the representation of the prediction model,Take a look at the output above. Is it still true that <strong>DATA = MODEL + ERROR</strong>? Explain how you can tell from the output?
584,Chapter 7 - Adding an Explanatory Variable to the Model,yes it remains true because any individual datapoint can still be split,Take a look at the output above. Is it still true that <strong>DATA = MODEL + ERROR</strong>? Explain how you can tell from the output?
585,Chapter 7 - Adding an Explanatory Variable to the Model,"Yes, DATA = MODEL + ERROR still holds true for the Gender model: for each student, the actual thumb length (Thumb) equals the model's predicted value based on gender (Gender_predict) plus the residual (Gender_resid), as seen in the output where Thumb ≈ Gender_predict + Gender_resid for every row (e.g., 64 ≈ 58.26 + 5.74 for the first student).",Take a look at the output above. Is it still true that <strong>DATA = MODEL + ERROR</strong>? Explain how you can tell from the output?
586,Chapter 7 - Adding an Explanatory Variable to the Model,"Yes, it still is true because in the output we can see how the points deviate from the gender resid and predict.X$$",Take a look at the output above. Is it still true that <strong>DATA = MODEL + ERROR</strong>? Explain how you can tell from the output?
587,Chapter 7 - Adding an Explanatory Variable to the Model,"Yes, the formula DATA = MODEL + ERROR remains true, as the model predicts a value and the residuals represent the deviation from the actual data. You can tell from the output because the residuals are explicitly calculated as the difference between observed data and the fitted model values. 
",Take a look at the output above. Is it still true that <strong>DATA = MODEL + ERROR</strong>? Explain how you can tell from the output?
588,Chapter 7 - Adding an Explanatory Variable to the Model,"Yes, it is still true because Thumb = Gender_predict + Gender_resid for each row. For example, for the first row: 64 ≈ 58.25585 + 5.744152.",Take a look at the output above. Is it still true that <strong>DATA = MODEL + ERROR</strong>? Explain how you can tell from the output?
589,Chapter 7 - Adding an Explanatory Variable to the Model,"Considering that ""Model"" would now encompass both the b0 (model mean for female students) and b1Xi (mean difference between genders * check for male category), the word equation ""Data = Model + Error"" remains in effect all the same, since all other parts remain unchanged.",Take a look at the output above. Is it still true that <strong>DATA = MODEL + ERROR</strong>? Explain how you can tell from the output?
590,Chapter 7 - Adding an Explanatory Variable to the Model,yes its still true because if you do some quick math you can understand how they would get there,Take a look at the output above. Is it still true that <strong>DATA = MODEL + ERROR</strong>? Explain how you can tell from the output?
591,Chapter 7 - Adding an Explanatory Variable to the Model,males would on average have longer thumbs than women so a female be minus the mean.,Take a look at the output above. Is it still true that <strong>DATA = MODEL + ERROR</strong>? Explain how you can tell from the output?
592,Chapter 9 - Models with a Quantitative Explanatory Variable,not sure.,What is different in the GLM notation for these two models? What is similar?
593,Chapter 9 - Models with a Quantitative Explanatory Variable,b1X1 and b0 are different and depend on ei for a similarity.,What is different in the GLM notation for these two models? What is similar?
594,Chapter 9 - Models with a Quantitative Explanatory Variable,they are identical which means they share the same undrlying mathematical structure,What is different in the GLM notation for these two models? What is similar?
595,Chapter 9 - Models with a Quantitative Explanatory Variable,The difference in the GLM notation for these two models is how we would use them and the slope that they would give us. The similarities are that it is the exact say they both look exactly the same.,What is different in the GLM notation for these two models? What is similar?
596,Chapter 9 - Models with a Quantitative Explanatory Variable,nothing is different they are both similar,What is different in the GLM notation for these two models? What is similar?
597,Chapter 9 - Models with a Quantitative Explanatory Variable,"The main difference is that the two-group model uses a categorical explanatory variable (Height2Group), so b₁ represents the difference in predicted Thumb between the two groups (short vs. tall), while the Height model uses a quantitative explanatory variable (Height), so b₁ represents the change in predicted Thumb for each one-unit increase in Height.",What is different in the GLM notation for these two models? What is similar?
598,Chapter 9 - Models with a Quantitative Explanatory Variable,"What is similar in both models is the visual GLM, down to the variables. In the case of the Height (quantitative) model though, the b1Xi likely records the distance between specific points and the mean, rather than groups of points.",What is different in the GLM notation for these two models? What is similar?
599,Chapter 9 - Models with a Quantitative Explanatory Variable,"Both models use the same equation with an intercept, a slope, and an error term, but in one model the predictor is a numerical variable so the slope shows change per unit increase, while in the other it is a group indicator so the slope shows the difference between the two groups",What is different in the GLM notation for these two models? What is similar?
600,Chapter 9 - Models with a Quantitative Explanatory Variable,"The formal equation for both models is written are the same. The difference lies entirely in what Xi represents and how we interpret b1.
",What is different in the GLM notation for these two models? What is similar?
601,Chapter 9 - Models with a Quantitative Explanatory Variable,The inetrcept and slope would end up changing.,What do you think would happen if we coded the <code>GenderNum</code> groups 0 and 1 instead of 1 and 2? Why?
602,Chapter 9 - Models with a Quantitative Explanatory Variable,"the predicted thumb length would be even less because we are assigning 0, most likely meaning no value",What do you think would happen if we coded the <code>GenderNum</code> groups 0 and 1 instead of 1 and 2? Why?
603,Chapter 9 - Models with a Quantitative Explanatory Variable,"b0 would likely be the same for both of them, because the ""mean"" of b0 would placed in the same place where the y-intercept is for the regression model.",What do you think would happen if we coded the <code>GenderNum</code> groups 0 and 1 instead of 1 and 2? Why?
604,Chapter 9 - Models with a Quantitative Explanatory Variable,"What I think would happen is that the Y-intercept would change due to one group being 0, while the slope would stay the same.",What do you think would happen if we coded the <code>GenderNum</code> groups 0 and 1 instead of 1 and 2? Why?
605,Chapter 9 - Models with a Quantitative Explanatory Variable,"If we coded GenderNum as 0 and 1 instead of 1 and 2, the intercept b₀ in the GenderNum model would match the mean Thumb for females (the 0 group), just like in the proper Gender model. The slope b₁ would still be the same difference between groups, so the two models would finally give identical estimates and the accidental regression problem would disappear.",What do you think would happen if we coded the <code>GenderNum</code> groups 0 and 1 instead of 1 and 2? Why?
606,Chapter 9 - Models with a Quantitative Explanatory Variable,"i think the parameter estimate in the GenderNun model would become identical to the gender model, this is because Xi=0 would now represent an actual group in our data rather than a nonsense value outside of it",What do you think would happen if we coded the <code>GenderNum</code> groups 0 and 1 instead of 1 and 2? Why?
607,Chapter 9 - Models with a Quantitative Explanatory Variable,"I think if GenderNum were coded as 0 and 1 instead of 1 and 2, the slope would stay the same but the intercept would change because it represents the value when the predictor is at 0.",What do you think would happen if we coded the <code>GenderNum</code> groups 0 and 1 instead of 1 and 2? Why?
608,Chapter 9 - Models with a Quantitative Explanatory Variable,"If you coded the groups as 0 and 1, the parameter estimates in the GenderNum model would become identical to the Gender model.",What do you think would happen if we coded the <code>GenderNum</code> groups 0 and 1 instead of 1 and 2? Why?
609,Chapter 9 - Models with a Quantitative Explanatory Variable,The graphs would look the same but with different numbers.,What do you think would happen if we coded the <code>GenderNum</code> groups 0 and 1 instead of 1 and 2? Why?
610,Chapter 9 - Models with a Quantitative Explanatory Variable,standrizing the vraible does not change the relationship between height and thumb.,Notice that the PRE statistic for the <code>Height_model</code> and the <code>zHeight_model</code> are identical. Why do you think this is?
611,Chapter 9 - Models with a Quantitative Explanatory Variable,"The PRE is the same for both models because it measures the proportional reduction in error relative to the total variation in the outcome, and standardizing the variables doesn't change the underlying relationship or the proportion of variance explained, only the scale of the numbers.",Notice that the PRE statistic for the <code>Height_model</code> and the <code>zHeight_model</code> are identical. Why do you think this is?
612,Chapter 9 - Models with a Quantitative Explanatory Variable,The PRE (Proportional Reduction in Error) is identical because standardizing your variables doesn't change the relationship between the data points—it only changes the labels on the axes.,Notice that the PRE statistic for the <code>Height_model</code> and the <code>zHeight_model</code> are identical. Why do you think this is?
613,Chapter 9 - Models with a Quantitative Explanatory Variable,"I think They’re identical because standardizing height only changes itsscale, not how strongly it relates to the other variable",Notice that the PRE statistic for the <code>Height_model</code> and the <code>zHeight_model</code> are identical. Why do you think this is?
614,Chapter 9 - Models with a Quantitative Explanatory Variable,theres a similar relationship,Notice that the PRE statistic for the <code>Height_model</code> and the <code>zHeight_model</code> are identical. Why do you think this is?
615,Chapter 9 - Models with a Quantitative Explanatory Variable,"Because they use the exact same outcome and explanatory variables (at least in values), the proportion of error explained is the exact same.",Notice that the PRE statistic for the <code>Height_model</code> and the <code>zHeight_model</code> are identical. Why do you think this is?
616,Chapter 9 - Models with a Quantitative Explanatory Variable,The same mean makes similar outcomes.,Notice that the PRE statistic for the <code>Height_model</code> and the <code>zHeight_model</code> are identical. Why do you think this is?
617,Chapter 9 - Models with a Quantitative Explanatory Variable,the PRE  is identical because standarizing variables is a linear transformation,Notice that the PRE statistic for the <code>Height_model</code> and the <code>zHeight_model</code> are identical. Why do you think this is?
618,Chapter 9 - Models with a Quantitative Explanatory Variable,"I think this is because there are no units in this proportion, this is probably because the standardizing variables stay the same.",Notice that the PRE statistic for the <code>Height_model</code> and the <code>zHeight_model</code> are identical. Why do you think this is?